1,88621,,2017-04-21 06:29:00,2017-04-21 23:31:18,2017-04-21 23:31:18,1
2,88623,,2017-04-21 07:08:00,2017-04-21 23:31:18,2017-04-21 23:31:18,1
3,88521,,2017-04-21 09:38:00,2017-04-21 23:31:18,2017-04-21 23:31:18,1
4,88523,,2017-04-21 10:38:00,2017-04-21 23:31:18,2017-04-21 23:31:18,1
5,88525,,2017-04-21 11:38:00,2017-04-21 23:31:18,2017-04-21 23:31:18,1
6,88527,,2017-04-21 12:38:00,2017-04-21 23:31:18,2017-04-21 23:31:18,1
7,88531,,2017-04-21 16:38:00,2017-04-21 23:31:18,2017-04-21 23:31:18,1
8,88533,,2017-04-21 17:38:00,2017-04-21 23:31:19,2017-04-21 23:31:19,1
9,88535,,2017-04-21 18:38:00,2017-04-21 23:31:19,2017-04-21 23:31:19,1
10,88627,,2017-04-21 20:38:00,2017-04-21 23:31:19,2017-04-21 23:31:19,1
11,88801,,2017-04-21 06:57:00,2017-04-21 23:31:19,2017-04-21 23:31:19,1
12,88803,,2017-04-21 07:27:00,2017-04-21 23:31:19,2017-04-21 23:31:19,1
13,88805,,2017-04-21 07:57:00,2017-04-21 23:31:19,2017-04-21 23:31:19,1
14,88807,,2017-04-21 08:27:00,2017-04-21 23:31:19,2017-04-21 23:31:19,1
15,88809,,2017-04-21 17:27:00,2017-04-21 23:31:19,2017-04-21 23:31:19,1
16,88813,,2017-04-21 18:27:00,2017-04-21 23:31:19,2017-04-21 23:31:19,1
17,88701,,2017-04-21 05:13:00,2017-04-21 23:31:20,2017-04-21 23:31:20,1
18,88703,,2017-04-21 05:43:00,2017-04-21 23:31:20,2017-04-21 23:31:20,1
19,88705,,2017-04-21 06:13:00,2017-04-21 23:31:20,2017-04-21 23:31:20,1
20,88709,,2017-04-21 06:44:00,2017-04-21 23:31:20,2017-04-21 23:31:20,1
21,88713,,2017-04-21 07:38:00,2017-04-21 23:31:20,2017-04-21 23:31:20,1
22,88715,,2017-04-21 07:43:00,2017-04-21 23:31:20,2017-04-21 23:31:20,1
23,88717,,2017-04-21 08:08:00,2017-04-21 23:31:20,2017-04-21 23:31:20,1
24,88719,,2017-04-21 08:13:00,2017-04-21 23:31:21,2017-04-21 23:31:21,1
25,88721,,2017-04-21 08:38:00,2017-04-21 23:31:21,2017-04-21 23:31:21,1
26,88725,,2017-04-21 11:13:00,2017-04-21 23:31:21,2017-04-21 23:31:21,1
27,88727,,2017-04-21 12:08:00,2017-04-21 23:31:21,2017-04-21 23:31:21,1
28,88729,,2017-04-21 12:13:00,2017-04-21 23:31:21,2017-04-21 23:31:21,1
29,88731,,2017-04-21 12:57:00,2017-04-21 23:31:21,2017-04-21 23:31:21,1
30,88733,,2017-04-21 13:13:00,2017-04-21 23:31:21,2017-04-21 23:31:21,1
31,88529,,2017-04-21 13:38:00,2017-04-21 23:31:22,2017-04-21 23:31:22,1
32,88735,,2017-04-21 14:08:00,2017-04-21 23:31:22,2017-04-21 23:31:22,1
33,88737,,2017-04-21 14:13:00,2017-04-21 23:31:22,2017-04-21 23:31:22,1
34,88739,,2017-04-21 14:38:00,2017-04-21 23:31:22,2017-04-21 23:31:22,1
35,88741,,2017-04-21 15:13:00,2017-04-21 23:31:22,2017-04-21 23:31:22,1
36,88743,,2017-04-21 15:38:00,2017-04-21 23:31:22,2017-04-21 23:31:22,1
37,88745,,2017-04-21 16:08:00,2017-04-21 23:31:22,2017-04-21 23:31:22,1
38,88747,,2017-04-21 16:13:00,2017-04-21 23:31:22,2017-04-21 23:31:22,1
39,88749,,2017-04-21 16:43:00,2017-04-21 23:31:23,2017-04-21 23:31:23,1
40,88751,,2017-04-21 16:57:00,2017-04-21 23:31:23,2017-04-21 23:31:23,1
41,88753,,2017-04-21 17:13:00,2017-04-21 23:31:23,2017-04-21 23:31:23,1
42,88755,,2017-04-21 17:43:00,2017-04-21 23:31:23,2017-04-21 23:31:23,1
43,88757,,2017-04-21 17:57:00,2017-04-21 23:31:23,2017-04-21 23:31:23,1
44,88761,,2017-04-21 18:13:00,2017-04-21 23:31:23,2017-04-21 23:31:23,1
45,88763,,2017-04-21 18:43:00,2017-04-21 23:31:23,2017-04-21 23:31:23,1
46,88765,,2017-04-21 19:08:00,2017-04-21 23:31:24,2017-04-21 23:31:24,1
47,88767,,2017-04-21 19:13:00,2017-04-21 23:31:24,2017-04-21 23:31:24,1
48,88769,,2017-04-21 19:38:00,2017-04-21 23:31:24,2017-04-21 23:31:24,1
49,88771,,2017-04-21 20:08:00,2017-04-21 23:31:24,2017-04-21 23:31:24,1
50,88773,,2017-04-21 20:13:00,2017-04-21 23:31:24,2017-04-21 23:31:24,1
51,88777,,2017-04-21 21:13:00,2017-04-21 23:31:24,2017-04-21 23:31:24,1
52,88779,,2017-04-21 21:38:00,2017-04-21 23:31:24,2017-04-21 23:31:24,1
53,88781,,2017-04-21 22:13:00,2017-04-21 23:31:24,2017-04-21 23:31:24,1
54,88783,,2017-04-21 22:38:00,2017-04-21 23:31:24,2017-04-21 23:31:24,1
55,88501,,2017-04-21 06:20:00,2017-04-21 23:31:25,2017-04-21 23:31:25,1
56,88503,,2017-04-21 06:50:00,2017-04-21 23:31:25,2017-04-21 23:31:25,1
57,88505,,2017-04-21 07:20:00,2017-04-21 23:31:25,2017-04-21 23:31:25,1
58,88509,,2017-04-21 11:50:00,2017-04-21 23:31:25,2017-04-21 23:31:25,1
59,88511,,2017-04-21 12:50:00,2017-04-21 23:31:25,2017-04-21 23:31:25,1
60,88513,,2017-04-21 13:50:00,2017-04-21 23:31:25,2017-04-21 23:31:25,1
61,88515,,2017-04-21 14:50:00,2017-04-21 23:31:25,2017-04-21 23:31:25,1
62,88517,,2017-04-21 15:50:00,2017-04-21 23:31:26,2017-04-21 23:31:26,1
63,88577,,2017-04-21 16:50:00,2017-04-21 23:31:26,2017-04-21 23:31:26,1
64,88537,,2017-04-21 17:20:00,2017-04-21 23:31:26,2017-04-21 23:31:26,1
65,88539,,2017-04-21 18:20:00,2017-04-21 23:31:26,2017-04-21 23:31:26,1
66,837501,,2017-04-21 05:28:00,2017-04-21 23:31:26,2017-04-21 23:31:26,1
67,837503,,2017-04-21 05:58:00,2017-04-21 23:31:26,2017-04-21 23:31:26,1
68,837505,,2017-04-21 06:28:00,2017-04-21 23:31:26,2017-04-21 23:31:26,1
69,837511,,2017-04-21 07:28:00,2017-04-21 23:31:27,2017-04-21 23:31:27,1
70,837513,,2017-04-21 07:50:00,2017-04-21 23:31:27,2017-04-21 23:31:27,1
71,837515,,2017-04-21 07:58:00,2017-04-21 23:31:27,2017-04-21 23:31:27,1
72,837519,,2017-04-21 08:20:00,2017-04-21 23:31:27,2017-04-21 23:31:27,1
73,837521,,2017-04-21 08:28:00,2017-04-21 23:31:27,2017-04-21 23:31:27,1
74,837523,,2017-04-21 08:50:00,2017-04-21 23:31:27,2017-04-21 23:31:27,1
75,837525,,2017-04-21 09:20:00,2017-04-21 23:31:27,2017-04-21 23:31:27,1
76,837529,,2017-04-21 09:50:00,2017-04-21 23:31:27,2017-04-21 23:31:27,1
77,837531,,2017-04-21 10:20:00,2017-04-21 23:31:28,2017-04-21 23:31:28,1
78,837533,,2017-04-21 11:20:00,2017-04-21 23:31:28,2017-04-21 23:31:28,1
79,837535,,2017-04-21 11:28:00,2017-04-21 23:31:28,2017-04-21 23:31:28,1
80,837537,,2017-04-21 12:20:00,2017-04-21 23:31:28,2017-04-21 23:31:28,1
81,837539,,2017-04-21 12:28:00,2017-04-21 23:31:28,2017-04-21 23:31:28,1
82,837541,,2017-04-21 13:20:00,2017-04-21 23:31:28,2017-04-21 23:31:28,1
83,837543,,2017-04-21 13:28:00,2017-04-21 23:31:28,2017-04-21 23:31:28,1
84,837545,,2017-04-21 14:20:00,2017-04-21 23:31:28,2017-04-21 23:31:28,1
85,837547,,2017-04-21 15:20:00,2017-04-21 23:31:29,2017-04-21 23:31:29,1
86,837549,,2017-04-21 15:28:00,2017-04-21 23:31:29,2017-04-21 23:31:29,1
87,837553,,2017-04-21 16:20:00,2017-04-21 23:31:29,2017-04-21 23:31:29,1
88,837555,,2017-04-21 16:28:00,2017-04-21 23:31:29,2017-04-21 23:31:29,1
89,837563,,2017-04-21 17:28:00,2017-04-21 23:31:29,2017-04-21 23:31:29,1
90,837565,,2017-04-21 17:50:00,2017-04-21 23:31:29,2017-04-21 23:31:29,1
91,837567,,2017-04-21 17:58:00,2017-04-21 23:31:29,2017-04-21 23:31:29,1
92,837571,,2017-04-21 18:28:00,2017-04-21 23:31:30,2017-04-21 23:31:30,1
93,837573,,2017-04-21 18:50:00,2017-04-21 23:31:30,2017-04-21 23:31:30,1
94,837575,,2017-04-21 18:58:00,2017-04-21 23:31:30,2017-04-21 23:31:30,1
95,837577,,2017-04-21 19:20:00,2017-04-21 23:31:30,2017-04-21 23:31:30,1
96,837579,,2017-04-21 19:28:00,2017-04-21 23:31:30,2017-04-21 23:31:30,1
97,837583,,2017-04-21 20:20:00,2017-04-21 23:31:30,2017-04-21 23:31:30,1
98,837585,,2017-04-21 20:28:00,2017-04-21 23:31:30,2017-04-21 23:31:30,1
99,837587,,2017-04-21 20:50:00,2017-04-21 23:31:30,2017-04-21 23:31:30,1
100,837591,,2017-04-21 21:50:00,2017-04-21 23:31:31,2017-04-21 23:31:31,1
101,837593,,2017-04-21 22:50:00,2017-04-21 23:31:31,2017-04-21 23:31:31,1
102,88802,,2017-04-21 07:03:00,2017-04-21 23:31:31,2017-04-21 23:31:31,1
103,88804,,2017-04-21 07:33:00,2017-04-21 23:31:31,2017-04-21 23:31:31,1
104,88806,,2017-04-21 08:03:00,2017-04-21 23:31:31,2017-04-21 23:31:31,1
105,88808,,2017-04-21 15:31:00,2017-04-21 23:31:31,2017-04-21 23:31:31,1
106,88810,,2017-04-21 16:01:00,2017-04-21 23:31:31,2017-04-21 23:31:31,1
107,88814,,2017-04-21 18:01:00,2017-04-21 23:31:31,2017-04-21 23:31:31,1
108,837693,,2017-04-21 06:04:00,2017-04-21 23:31:32,2017-04-21 23:31:32,1
109,837695,,2017-04-21 06:24:00,2017-04-21 23:31:32,2017-04-21 23:31:32,1
110,837699,,2017-04-21 09:24:00,2017-04-21 23:31:32,2017-04-21 23:31:32,1
111,837683,,2017-04-21 07:45:00,2017-04-21 23:31:32,2017-04-21 23:31:32,1
112,88770,,2017-04-21 05:07:00,2017-04-21 23:31:32,2017-04-21 23:31:32,1
113,88702,,2017-04-21 05:33:00,2017-04-21 23:31:32,2017-04-21 23:31:32,1
114,88704,,2017-04-21 05:46:00,2017-04-21 23:31:32,2017-04-21 23:31:32,1
115,88706,,2017-04-21 06:03:00,2017-04-21 23:31:33,2017-04-21 23:31:33,1
116,88708,,2017-04-21 06:07:00,2017-04-21 23:31:33,2017-04-21 23:31:33,1
117,88710,,2017-04-21 06:33:00,2017-04-21 23:31:33,2017-04-21 23:31:33,1
118,88712,,2017-04-21 06:46:00,2017-04-21 23:31:33,2017-04-21 23:31:33,1
119,88714,,2017-04-21 07:16:00,2017-04-21 23:31:33,2017-04-21 23:31:33,1
120,88716,,2017-04-21 07:46:00,2017-04-21 23:31:33,2017-04-21 23:31:33,1
121,88718,,2017-04-21 08:16:00,2017-04-21 23:31:33,2017-04-21 23:31:33,1
122,88720,,2017-04-21 08:33:00,2017-04-21 23:31:34,2017-04-21 23:31:34,1
123,88722,,2017-04-21 08:46:00,2017-04-21 23:31:34,2017-04-21 23:31:34,1
124,88724,,2017-04-21 09:03:00,2017-04-21 23:31:34,2017-04-21 23:31:34,1
125,88726,,2017-04-21 09:33:00,2017-04-21 23:31:34,2017-04-21 23:31:34,1
126,88730,,2017-04-21 10:31:00,2017-04-21 23:31:34,2017-04-21 23:31:34,1
127,88506,,2017-04-21 11:33:00,2017-04-21 23:31:34,2017-04-21 23:31:34,1
128,88736,,2017-04-21 12:47:00,2017-04-21 23:31:34,2017-04-21 23:31:34,1
129,88738,,2017-04-21 13:06:00,2017-04-21 23:31:35,2017-04-21 23:31:35,1
130,88740,,2017-04-21 14:46:00,2017-04-21 23:31:35,2017-04-21 23:31:35,1
131,88742,,2017-04-21 15:46:00,2017-04-21 23:31:35,2017-04-21 23:31:35,1
132,88744,,2017-04-21 16:03:00,2017-04-21 23:31:35,2017-04-21 23:31:35,1
133,88746,,2017-04-21 16:16:00,2017-04-21 23:31:35,2017-04-21 23:31:35,1
134,88748,,2017-04-21 16:46:00,2017-04-21 23:31:35,2017-04-21 23:31:35,1
135,88752,,2017-04-21 17:03:00,2017-04-21 23:31:35,2017-04-21 23:31:35,1
136,88756,,2017-04-21 17:17:00,2017-04-21 23:31:36,2017-04-21 23:31:36,1
137,88764,,2017-04-21 18:16:00,2017-04-21 23:31:36,2017-04-21 23:31:36,1
138,88766,,2017-04-21 18:33:00,2017-04-21 23:31:36,2017-04-21 23:31:36,1
139,88768,,2017-04-21 18:46:00,2017-04-21 23:31:36,2017-04-21 23:31:36,1
140,88772,,2017-04-21 19:33:00,2017-04-21 23:31:36,2017-04-21 23:31:36,1
141,88774,,2017-04-21 19:46:00,2017-04-21 23:31:36,2017-04-21 23:31:36,1
142,88776,,2017-04-21 20:33:00,2017-04-21 23:31:36,2017-04-21 23:31:36,1
143,88778,,2017-04-21 20:46:00,2017-04-21 23:31:37,2017-04-21 23:31:37,1
144,88780,,2017-04-21 21:33:00,2017-04-21 23:31:37,2017-04-21 23:31:37,1
145,88786,,2017-04-21 22:46:00,2017-04-21 23:31:37,2017-04-21 23:31:37,1
146,88782,,2017-04-21 21:46:00,2017-04-21 23:31:37,2017-04-21 23:31:37,1
147,837502,,2017-04-21 06:02:00,2017-04-21 23:31:37,2017-04-21 23:31:37,1
148,837504,,2017-04-21 06:09:00,2017-04-21 23:31:37,2017-04-21 23:31:37,1
149,837508,,2017-04-21 06:39:00,2017-04-21 23:31:37,2017-04-21 23:31:37,1
150,837512,,2017-04-21 07:09:00,2017-04-21 23:31:37,2017-04-21 23:31:37,1
151,837518,,2017-04-21 07:39:00,2017-04-21 23:31:38,2017-04-21 23:31:38,1
152,837522,,2017-04-21 08:09:00,2017-04-21 23:31:38,2017-04-21 23:31:38,1
153,837524,,2017-04-21 08:32:00,2017-04-21 23:31:38,2017-04-21 23:31:38,1
154,837526,,2017-04-21 08:39:00,2017-04-21 23:31:38,2017-04-21 23:31:38,1
155,837528,,2017-04-21 09:02:00,2017-04-21 23:31:38,2017-04-21 23:31:38,1
156,837530,,2017-04-21 09:32:00,2017-04-21 23:31:38,2017-04-21 23:31:38,1
157,837532,,2017-04-21 09:39:00,2017-04-21 23:31:38,2017-04-21 23:31:38,1
158,837534,,2017-04-21 11:02:00,2017-04-21 23:31:39,2017-04-21 23:31:39,1
159,837536,,2017-04-21 11:39:00,2017-04-21 23:31:39,2017-04-21 23:31:39,1
160,837538,,2017-04-21 12:02:00,2017-04-21 23:31:39,2017-04-21 23:31:39,1
161,837540,,2017-04-21 12:39:00,2017-04-21 23:31:39,2017-04-21 23:31:39,1
162,837542,,2017-04-21 13:02:00,2017-04-21 23:31:39,2017-04-21 23:31:39,1
163,837546,,2017-04-21 14:02:00,2017-04-21 23:31:39,2017-04-21 23:31:39,1
164,837548,,2017-04-21 15:02:00,2017-04-21 23:31:39,2017-04-21 23:31:39,1
165,837550,,2017-04-21 15:32:00,2017-04-21 23:31:39,2017-04-21 23:31:39,1
166,837552,,2017-04-21 15:39:00,2017-04-21 23:31:40,2017-04-21 23:31:40,1
167,837554,,2017-04-21 16:02:00,2017-04-21 23:31:40,2017-04-21 23:31:40,1
168,837556,,2017-04-21 16:09:00,2017-04-21 23:31:40,2017-04-21 23:31:40,1
169,837558,,2017-04-21 16:32:00,2017-04-21 23:31:40,2017-04-21 23:31:40,1
170,837560,,2017-04-21 16:39:00,2017-04-21 23:31:40,2017-04-21 23:31:40,1
171,837562,,2017-04-21 17:02:00,2017-04-21 23:31:40,2017-04-21 23:31:40,1
172,837564,,2017-04-21 17:09:00,2017-04-21 23:31:40,2017-04-21 23:31:40,1
173,837566,,2017-04-21 17:39:00,2017-04-21 23:31:41,2017-04-21 23:31:41,1
174,837568,,2017-04-21 18:02:00,2017-04-21 23:31:41,2017-04-21 23:31:41,1
175,837570,,2017-04-21 18:09:00,2017-04-21 23:31:41,2017-04-21 23:31:41,1
176,837574,,2017-04-21 18:39:00,2017-04-21 23:31:41,2017-04-21 23:31:41,1
177,837576,,2017-04-21 19:02:00,2017-04-21 23:31:41,2017-04-21 23:31:41,1
178,837578,,2017-04-21 19:39:00,2017-04-21 23:31:41,2017-04-21 23:31:41,1
179,837580,,2017-04-21 20:02:00,2017-04-21 23:31:41,2017-04-21 23:31:41,1
180,837582,,2017-04-21 20:32:00,2017-04-21 23:31:42,2017-04-21 23:31:42,1
181,837584,,2017-04-21 20:39:00,2017-04-21 23:31:42,2017-04-21 23:31:42,1
182,837594,,2017-04-21 22:32:00,2017-04-21 23:31:42,2017-04-21 23:31:42,1
183,837680,,2017-04-21 13:48:00,2017-04-21 23:31:42,2017-04-21 23:31:42,1
184,837682,,2017-04-21 14:06:00,2017-04-21 23:31:42,2017-04-21 23:31:42,1
185,837684,,2017-04-21 17:46:00,2017-04-21 23:31:42,2017-04-21 23:31:42,1
186,837686,,2017-04-21 19:16:00,2017-04-21 23:31:42,2017-04-21 23:31:42,1
187,88601,,2017-04-22 05:38:00,2017-04-21 23:31:48,2017-04-21 23:31:48,1
188,88603,,2017-04-22 06:29:00,2017-04-21 23:31:48,2017-04-21 23:31:48,1
189,88605,,2017-04-22 07:38:00,2017-04-21 23:31:48,2017-04-21 23:31:48,1
190,88607,,2017-04-22 08:38:00,2017-04-21 23:31:48,2017-04-21 23:31:48,1
191,88521,,2017-04-22 09:38:00,2017-04-21 23:31:48,2017-04-21 23:31:48,1
192,88525,,2017-04-22 11:38:00,2017-04-21 23:31:48,2017-04-21 23:31:48,1
193,88527,,2017-04-22 12:38:00,2017-04-21 23:31:49,2017-04-21 23:31:49,1
194,88529,,2017-04-22 13:38:00,2017-04-21 23:31:49,2017-04-21 23:31:49,1
195,88609,,2017-04-22 14:38:00,2017-04-21 23:31:49,2017-04-21 23:31:49,1
196,88611,,2017-04-22 15:38:00,2017-04-21 23:31:49,2017-04-21 23:31:49,1
197,88531,,2017-04-22 16:38:00,2017-04-21 23:31:49,2017-04-21 23:31:49,1
198,88533,,2017-04-22 17:38:00,2017-04-21 23:31:49,2017-04-21 23:31:49,1
199,88535,,2017-04-22 18:37:00,2017-04-21 23:31:49,2017-04-21 23:31:49,1
200,88613,,2017-04-22 19:38:00,2017-04-21 23:31:50,2017-04-21 23:31:50,1
201,88617,,2017-04-22 21:38:00,2017-04-21 23:31:50,2017-04-21 23:31:50,1
202,88719,,2017-04-22 08:13:00,2017-04-21 23:31:50,2017-04-21 23:31:50,1
203,88723,,2017-04-22 10:13:00,2017-04-21 23:31:50,2017-04-21 23:31:50,1
204,88733,,2017-04-22 13:13:00,2017-04-21 23:31:50,2017-04-21 23:31:50,1
205,88753,,2017-04-22 17:13:00,2017-04-21 23:31:50,2017-04-21 23:31:50,1
206,88767,,2017-04-22 19:13:00,2017-04-21 23:31:50,2017-04-21 23:31:50,1
207,88785,,2017-04-22 23:13:00,2017-04-21 23:31:51,2017-04-21 23:31:51,1
208,88503,,2017-04-22 06:50:00,2017-04-21 23:31:51,2017-04-21 23:31:51,1
209,88571,,2017-04-22 07:50:00,2017-04-21 23:31:51,2017-04-21 23:31:51,1
210,88573,,2017-04-22 08:50:00,2017-04-21 23:31:51,2017-04-21 23:31:51,1
211,88506,,2017-04-22 10:50:00,2017-04-21 23:31:51,2017-04-21 23:31:51,1
212,88509,,2017-04-22 11:50:00,2017-04-21 23:31:51,2017-04-21 23:31:51,1
213,88511,,2017-04-22 12:50:00,2017-04-21 23:31:51,2017-04-21 23:31:51,1
214,88513,,2017-04-22 13:50:00,2017-04-21 23:31:52,2017-04-21 23:31:52,1
215,88517,,2017-04-22 15:50:00,2017-04-21 23:31:52,2017-04-21 23:31:52,1
216,88577,,2017-04-22 16:50:00,2017-04-21 23:31:52,2017-04-21 23:31:52,1
217,88579,,2017-04-22 17:50:00,2017-04-21 23:31:52,2017-04-21 23:31:52,1
218,88581,,2017-04-22 18:50:00,2017-04-21 23:31:52,2017-04-21 23:31:52,1
219,88583,,2017-04-22 19:50:00,2017-04-21 23:31:52,2017-04-21 23:31:52,1
220,88587,,2017-04-22 21:50:00,2017-04-21 23:31:52,2017-04-21 23:31:52,1
221,88585,,2017-04-22 20:50:00,2017-04-21 23:31:53,2017-04-21 23:31:53,1
222,837601,,2017-04-22 06:28:00,2017-04-21 23:31:53,2017-04-21 23:31:53,1
223,837603,,2017-04-22 07:28:00,2017-04-21 23:31:53,2017-04-21 23:31:53,1
224,837521,,2017-04-22 08:28:00,2017-04-21 23:31:53,2017-04-21 23:31:53,1
225,837529,,2017-04-22 09:50:00,2017-04-21 23:31:53,2017-04-21 23:31:53,1
226,837609,,2017-04-22 12:28:00,2017-04-21 23:31:53,2017-04-21 23:31:53,1
227,837611,,2017-04-22 14:22:00,2017-04-21 23:31:53,2017-04-21 23:31:53,1
228,837613,,2017-04-22 14:50:00,2017-04-21 23:31:54,2017-04-21 23:31:54,1
229,837619,,2017-04-22 17:28:00,2017-04-21 23:31:54,2017-04-21 23:31:54,1
230,837623,,2017-04-22 19:28:00,2017-04-21 23:31:54,2017-04-21 23:31:54,1
231,837593,,2017-04-22 22:50:00,2017-04-21 23:31:54,2017-04-21 23:31:54,1
232,88710,,2017-04-22 06:33:00,2017-04-21 23:31:54,2017-04-21 23:31:54,1
233,88716,,2017-04-22 07:46:00,2017-04-21 23:31:54,2017-04-21 23:31:54,1
234,88732,,2017-04-22 10:46:00,2017-04-21 23:31:54,2017-04-21 23:31:54,1
235,88736,,2017-04-22 12:47:00,2017-04-21 23:31:54,2017-04-21 23:31:54,1
236,88742,,2017-04-22 15:46:00,2017-04-21 23:31:55,2017-04-21 23:31:55,1
237,88760,,2017-04-22 17:46:00,2017-04-21 23:31:55,2017-04-21 23:31:55,1
238,88774,,2017-04-22 19:46:00,2017-04-21 23:31:55,2017-04-21 23:31:55,1
239,88788,,2017-04-22 23:16:00,2017-04-21 23:31:55,2017-04-21 23:31:55,1
240,837628,,2017-04-22 06:39:00,2017-04-21 23:31:55,2017-04-21 23:31:55,1
241,837618,,2017-04-22 07:39:00,2017-04-21 23:31:55,2017-04-21 23:31:55,1
242,837626,,2017-04-22 08:39:00,2017-04-21 23:31:55,2017-04-21 23:31:55,1
243,837604,,2017-04-22 10:39:00,2017-04-21 23:31:55,2017-04-21 23:31:55,1
244,837598,,2017-04-22 11:32:00,2017-04-21 23:31:56,2017-04-21 23:31:56,1
245,837640,,2017-04-22 12:39:00,2017-04-21 23:31:56,2017-04-21 23:31:56,1
246,837622,,2017-04-22 14:39:00,2017-04-21 23:31:56,2017-04-21 23:31:56,1
247,837608,,2017-04-22 17:39:00,2017-04-21 23:31:56,2017-04-21 23:31:56,1
248,837584,,2017-04-22 20:39:00,2017-04-21 23:31:56,2017-04-21 23:31:56,1
249,88605,,2017-04-23 07:38:00,2017-04-21 23:32:11,2017-04-21 23:32:11,1
250,88521,,2017-04-23 09:38:00,2017-04-21 23:32:11,2017-04-21 23:32:11,1
251,88525,,2017-04-23 11:38:00,2017-04-21 23:32:11,2017-04-21 23:32:11,1
252,88527,,2017-04-23 12:38:00,2017-04-21 23:32:11,2017-04-21 23:32:11,1
253,88529,,2017-04-23 13:38:00,2017-04-21 23:32:12,2017-04-21 23:32:12,1
254,88611,,2017-04-23 15:38:00,2017-04-21 23:32:12,2017-04-21 23:32:12,1
255,88531,,2017-04-23 16:38:00,2017-04-21 23:32:12,2017-04-21 23:32:12,1
256,88533,,2017-04-23 17:38:00,2017-04-21 23:32:12,2017-04-21 23:32:12,1
257,88535,,2017-04-23 18:38:00,2017-04-21 23:32:12,2017-04-21 23:32:12,1
258,88613,,2017-04-23 19:38:00,2017-04-21 23:32:12,2017-04-21 23:32:12,1
259,88617,,2017-04-23 21:38:00,2017-04-21 23:32:12,2017-04-21 23:32:12,1
260,88719,,2017-04-23 08:13:00,2017-04-21 23:32:13,2017-04-21 23:32:13,1
261,88723,,2017-04-23 10:13:00,2017-04-21 23:32:13,2017-04-21 23:32:13,1
262,88737,,2017-04-23 14:13:00,2017-04-21 23:32:13,2017-04-21 23:32:13,1
263,88753,,2017-04-23 17:13:00,2017-04-21 23:32:13,2017-04-21 23:32:13,1
264,88773,,2017-04-23 20:13:00,2017-04-21 23:32:13,2017-04-21 23:32:13,1
265,88785,,2017-04-23 23:13:00,2017-04-21 23:32:13,2017-04-21 23:32:13,1
266,88571,,2017-04-23 07:50:00,2017-04-21 23:32:13,2017-04-21 23:32:13,1
267,88575,,2017-04-23 09:50:00,2017-04-21 23:32:14,2017-04-21 23:32:14,1
268,88509,,2017-04-23 11:50:00,2017-04-21 23:32:14,2017-04-21 23:32:14,1
269,88511,,2017-04-23 12:50:00,2017-04-21 23:32:14,2017-04-21 23:32:14,1
270,88513,,2017-04-23 13:50:00,2017-04-21 23:32:14,2017-04-21 23:32:14,1
271,88517,,2017-04-23 15:50:00,2017-04-21 23:32:14,2017-04-21 23:32:14,1
272,88577,,2017-04-23 16:50:00,2017-04-21 23:32:14,2017-04-21 23:32:14,1
273,88579,,2017-04-23 17:50:00,2017-04-21 23:32:14,2017-04-21 23:32:14,1
274,88581,,2017-04-23 18:50:00,2017-04-21 23:32:15,2017-04-21 23:32:15,1
275,88583,,2017-04-23 19:50:00,2017-04-21 23:32:15,2017-04-21 23:32:15,1
276,88587,,2017-04-23 21:50:00,2017-04-21 23:32:15,2017-04-21 23:32:15,1
277,837605,,2017-04-23 08:28:00,2017-04-21 23:32:15,2017-04-21 23:32:15,1
278,837607,,2017-04-23 10:28:00,2017-04-21 23:32:15,2017-04-21 23:32:15,1
279,837609,,2017-04-23 12:28:00,2017-04-21 23:32:15,2017-04-21 23:32:15,1
280,837613,,2017-04-23 14:50:00,2017-04-21 23:32:15,2017-04-21 23:32:15,1
281,837615,,2017-04-23 14:54:00,2017-04-21 23:32:16,2017-04-21 23:32:16,1
282,837617,,2017-04-23 16:28:00,2017-04-21 23:32:16,2017-04-21 23:32:16,1
283,837621,,2017-04-23 18:28:00,2017-04-21 23:32:16,2017-04-21 23:32:16,1
284,837585,,2017-04-23 20:28:00,2017-04-21 23:32:16,2017-04-21 23:32:16,1
285,837625,,2017-04-23 20:50:00,2017-04-21 23:32:16,2017-04-21 23:32:16,1
286,88728,,2017-04-23 09:46:00,2017-04-21 23:32:16,2017-04-21 23:32:16,1
287,88734,,2017-04-23 11:42:00,2017-04-21 23:32:16,2017-04-21 23:32:16,1
288,88742,,2017-04-23 15:46:00,2017-04-21 23:32:16,2017-04-21 23:32:16,1
289,88768,,2017-04-23 18:46:00,2017-04-21 23:32:17,2017-04-21 23:32:17,1
290,88782,,2017-04-23 21:46:00,2017-04-21 23:32:17,2017-04-21 23:32:17,1
291,837516,,2017-04-23 07:32:00,2017-04-21 23:32:17,2017-04-21 23:32:17,1
292,837532,,2017-04-23 09:39:00,2017-04-21 23:32:17,2017-04-21 23:32:17,1
293,837636,,2017-04-23 11:39:00,2017-04-21 23:32:17,2017-04-21 23:32:17,1
294,837606,,2017-04-23 14:39:00,2017-04-21 23:32:17,2017-04-21 23:32:17,1
295,837550,,2017-04-23 15:32:00,2017-04-21 23:32:18,2017-04-21 23:32:18,1
296,837560,,2017-04-23 16:39:00,2017-04-21 23:32:18,2017-04-21 23:32:18,1
297,837610,,2017-04-23 18:39:00,2017-04-21 23:32:18,2017-04-21 23:32:18,1
298,837584,,2017-04-23 20:39:00,2017-04-21 23:32:18,2017-04-21 23:32:18,1
299,837588,,2017-04-23 21:32:00,2017-04-21 23:32:18,2017-04-21 23:32:18,1
300,837688,,2017-04-23 23:16:00,2017-04-21 23:32:18,2017-04-21 23:32:18,1
301,88621,,2017-04-24 06:29:00,2017-04-21 23:32:31,2017-04-21 23:32:31,1
302,88623,,2017-04-24 07:08:00,2017-04-21 23:32:31,2017-04-21 23:32:31,1
303,88521,,2017-04-24 09:38:00,2017-04-21 23:32:31,2017-04-21 23:32:31,1
304,88523,,2017-04-24 10:38:00,2017-04-21 23:32:32,2017-04-21 23:32:32,1
305,88525,,2017-04-24 11:38:00,2017-04-21 23:32:32,2017-04-21 23:32:32,1
306,88527,,2017-04-24 12:38:00,2017-04-21 23:32:32,2017-04-21 23:32:32,1
307,88531,,2017-04-24 16:38:00,2017-04-21 23:32:32,2017-04-21 23:32:32,1
308,88533,,2017-04-24 17:38:00,2017-04-21 23:32:32,2017-04-21 23:32:32,1
309,88535,,2017-04-24 18:38:00,2017-04-21 23:32:32,2017-04-21 23:32:32,1
310,88627,,2017-04-24 20:38:00,2017-04-21 23:32:32,2017-04-21 23:32:32,1
311,88801,,2017-04-24 06:57:00,2017-04-21 23:32:32,2017-04-21 23:32:32,1
312,88803,,2017-04-24 07:27:00,2017-04-21 23:32:32,2017-04-21 23:32:32,1
313,88807,,2017-04-24 08:27:00,2017-04-21 23:32:32,2017-04-21 23:32:32,1
314,88809,,2017-04-24 17:27:00,2017-04-21 23:32:32,2017-04-21 23:32:32,1
315,88811,,2017-04-24 17:57:00,2017-04-21 23:32:32,2017-04-21 23:32:32,1
316,88813,,2017-04-24 18:27:00,2017-04-21 23:32:33,2017-04-21 23:32:33,1
317,88701,,2017-04-24 05:13:00,2017-04-21 23:32:33,2017-04-21 23:32:33,1
318,88703,,2017-04-24 05:43:00,2017-04-21 23:32:33,2017-04-21 23:32:33,1
319,88705,,2017-04-24 06:13:00,2017-04-21 23:32:33,2017-04-21 23:32:33,1
320,88709,,2017-04-24 06:44:00,2017-04-21 23:32:33,2017-04-21 23:32:33,1
321,88713,,2017-04-24 07:38:00,2017-04-21 23:32:33,2017-04-21 23:32:33,1
322,88715,,2017-04-24 07:43:00,2017-04-21 23:32:33,2017-04-21 23:32:33,1
323,88787,,2017-04-24 07:59:00,2017-04-21 23:32:33,2017-04-21 23:32:33,1
324,88719,,2017-04-24 08:13:00,2017-04-21 23:32:33,2017-04-21 23:32:33,1
325,88721,,2017-04-24 08:38:00,2017-04-21 23:32:33,2017-04-21 23:32:33,1
326,88725,,2017-04-24 11:13:00,2017-04-21 23:32:33,2017-04-21 23:32:33,1
327,88727,,2017-04-24 12:08:00,2017-04-21 23:32:34,2017-04-21 23:32:34,1
328,88729,,2017-04-24 12:13:00,2017-04-21 23:32:34,2017-04-21 23:32:34,1
329,88731,,2017-04-24 12:57:00,2017-04-21 23:32:34,2017-04-21 23:32:34,1
330,88733,,2017-04-24 13:13:00,2017-04-21 23:32:34,2017-04-21 23:32:34,1
331,88529,,2017-04-24 13:38:00,2017-04-21 23:32:34,2017-04-21 23:32:34,1
332,88735,,2017-04-24 14:08:00,2017-04-21 23:32:34,2017-04-21 23:32:34,1
333,88737,,2017-04-24 14:13:00,2017-04-21 23:32:34,2017-04-21 23:32:34,1
334,88739,,2017-04-24 14:38:00,2017-04-21 23:32:34,2017-04-21 23:32:34,1
335,88741,,2017-04-24 15:13:00,2017-04-21 23:32:34,2017-04-21 23:32:34,1
336,88743,,2017-04-24 15:38:00,2017-04-21 23:32:34,2017-04-21 23:32:34,1
337,88745,,2017-04-24 16:08:00,2017-04-21 23:32:34,2017-04-21 23:32:34,1
338,88747,,2017-04-24 16:13:00,2017-04-21 23:32:34,2017-04-21 23:32:34,1
339,88749,,2017-04-24 16:43:00,2017-04-21 23:32:34,2017-04-21 23:32:34,1
340,88751,,2017-04-24 16:57:00,2017-04-21 23:32:35,2017-04-21 23:32:35,1
341,88753,,2017-04-24 17:13:00,2017-04-21 23:32:35,2017-04-21 23:32:35,1
342,88755,,2017-04-24 17:43:00,2017-04-21 23:32:35,2017-04-21 23:32:35,1
343,88759,,2017-04-24 18:08:00,2017-04-21 23:32:35,2017-04-21 23:32:35,1
344,88761,,2017-04-24 18:13:00,2017-04-21 23:32:35,2017-04-21 23:32:35,1
345,88763,,2017-04-24 18:43:00,2017-04-21 23:32:35,2017-04-21 23:32:35,1
346,88765,,2017-04-24 19:08:00,2017-04-21 23:32:35,2017-04-21 23:32:35,1
347,88767,,2017-04-24 19:13:00,2017-04-21 23:32:35,2017-04-21 23:32:35,1
348,88769,,2017-04-24 19:38:00,2017-04-21 23:32:35,2017-04-21 23:32:35,1
349,88771,,2017-04-24 20:08:00,2017-04-21 23:32:35,2017-04-21 23:32:35,1
350,88773,,2017-04-24 20:13:00,2017-04-21 23:32:35,2017-04-21 23:32:35,1
351,88777,,2017-04-24 21:13:00,2017-04-21 23:32:35,2017-04-21 23:32:35,1
352,88779,,2017-04-24 21:38:00,2017-04-21 23:32:36,2017-04-21 23:32:36,1
353,88781,,2017-04-24 22:13:00,2017-04-21 23:32:36,2017-04-21 23:32:36,1
354,88783,,2017-04-24 22:38:00,2017-04-21 23:32:36,2017-04-21 23:32:36,1
355,88501,,2017-04-24 06:20:00,2017-04-21 23:32:36,2017-04-21 23:32:36,1
356,88503,,2017-04-24 06:50:00,2017-04-21 23:32:36,2017-04-21 23:32:36,1
357,88505,,2017-04-24 07:20:00,2017-04-21 23:32:36,2017-04-21 23:32:36,1
358,88509,,2017-04-24 11:50:00,2017-04-21 23:32:36,2017-04-21 23:32:36,1
359,88511,,2017-04-24 12:50:00,2017-04-21 23:32:36,2017-04-21 23:32:36,1
360,88513,,2017-04-24 13:50:00,2017-04-21 23:32:36,2017-04-21 23:32:36,1
361,88515,,2017-04-24 14:50:00,2017-04-21 23:32:36,2017-04-21 23:32:36,1
362,88517,,2017-04-24 15:50:00,2017-04-21 23:32:36,2017-04-21 23:32:36,1
363,88577,,2017-04-24 16:50:00,2017-04-21 23:32:36,2017-04-21 23:32:36,1
364,88537,,2017-04-24 17:20:00,2017-04-21 23:32:36,2017-04-21 23:32:36,1
365,88539,,2017-04-24 18:20:00,2017-04-21 23:32:37,2017-04-21 23:32:37,1
366,837501,,2017-04-24 05:28:00,2017-04-21 23:32:37,2017-04-21 23:32:37,1
367,837503,,2017-04-24 05:58:00,2017-04-21 23:32:37,2017-04-21 23:32:37,1
368,837505,,2017-04-24 06:28:00,2017-04-21 23:32:37,2017-04-21 23:32:37,1
369,837511,,2017-04-24 07:28:00,2017-04-21 23:32:37,2017-04-21 23:32:37,1
370,837513,,2017-04-24 07:50:00,2017-04-21 23:32:37,2017-04-21 23:32:37,1
371,837515,,2017-04-24 07:58:00,2017-04-21 23:32:37,2017-04-21 23:32:37,1
372,837519,,2017-04-24 08:20:00,2017-04-21 23:32:37,2017-04-21 23:32:37,1
373,837521,,2017-04-24 08:28:00,2017-04-21 23:32:37,2017-04-21 23:32:37,1
374,837523,,2017-04-24 08:50:00,2017-04-21 23:32:37,2017-04-21 23:32:37,1
375,837525,,2017-04-24 09:20:00,2017-04-21 23:32:37,2017-04-21 23:32:37,1
376,837529,,2017-04-24 09:50:00,2017-04-21 23:32:37,2017-04-21 23:32:37,1
377,837531,,2017-04-24 10:20:00,2017-04-21 23:32:37,2017-04-21 23:32:37,1
378,837533,,2017-04-24 11:20:00,2017-04-21 23:32:37,2017-04-21 23:32:37,1
379,837535,,2017-04-24 11:28:00,2017-04-21 23:32:38,2017-04-21 23:32:38,1
380,837537,,2017-04-24 12:20:00,2017-04-21 23:32:38,2017-04-21 23:32:38,1
381,837539,,2017-04-24 12:28:00,2017-04-21 23:32:38,2017-04-21 23:32:38,1
382,837543,,2017-04-24 13:28:00,2017-04-21 23:32:38,2017-04-21 23:32:38,1
383,837545,,2017-04-24 14:20:00,2017-04-21 23:32:38,2017-04-21 23:32:38,1
384,837547,,2017-04-24 15:20:00,2017-04-21 23:32:38,2017-04-21 23:32:38,1
385,837549,,2017-04-24 15:28:00,2017-04-21 23:32:38,2017-04-21 23:32:38,1
386,837553,,2017-04-24 16:20:00,2017-04-21 23:32:38,2017-04-21 23:32:38,1
387,837555,,2017-04-24 16:28:00,2017-04-21 23:32:38,2017-04-21 23:32:38,1
388,837563,,2017-04-24 17:28:00,2017-04-21 23:32:38,2017-04-21 23:32:38,1
389,837565,,2017-04-24 17:50:00,2017-04-21 23:32:38,2017-04-21 23:32:38,1
390,837567,,2017-04-24 17:58:00,2017-04-21 23:32:38,2017-04-21 23:32:38,1
391,837571,,2017-04-24 18:28:00,2017-04-21 23:32:38,2017-04-21 23:32:38,1
392,837573,,2017-04-24 18:50:00,2017-04-21 23:32:38,2017-04-21 23:32:38,1
393,837575,,2017-04-24 18:58:00,2017-04-21 23:32:39,2017-04-21 23:32:39,1
394,837577,,2017-04-24 19:20:00,2017-04-21 23:32:39,2017-04-21 23:32:39,1
395,837579,,2017-04-24 19:28:00,2017-04-21 23:32:39,2017-04-21 23:32:39,1
396,837583,,2017-04-24 20:20:00,2017-04-21 23:32:39,2017-04-21 23:32:39,1
397,837585,,2017-04-24 20:28:00,2017-04-21 23:32:39,2017-04-21 23:32:39,1
398,837587,,2017-04-24 20:50:00,2017-04-21 23:32:39,2017-04-21 23:32:39,1
399,837591,,2017-04-24 21:50:00,2017-04-21 23:32:39,2017-04-21 23:32:39,1
400,837593,,2017-04-24 22:50:00,2017-04-21 23:32:39,2017-04-21 23:32:39,1
401,88802,,2017-04-24 07:03:00,2017-04-21 23:32:39,2017-04-21 23:32:39,1
402,88804,,2017-04-24 07:33:00,2017-04-21 23:32:39,2017-04-21 23:32:39,1
403,88806,,2017-04-24 08:03:00,2017-04-21 23:32:39,2017-04-21 23:32:39,1
404,88808,,2017-04-24 15:31:00,2017-04-21 23:32:39,2017-04-21 23:32:39,1
405,88810,,2017-04-24 16:01:00,2017-04-21 23:32:39,2017-04-21 23:32:39,1
406,88812,,2017-04-24 17:31:00,2017-04-21 23:32:39,2017-04-21 23:32:39,1
407,88814,,2017-04-24 18:01:00,2017-04-21 23:32:39,2017-04-21 23:32:39,1
408,837693,,2017-04-24 06:04:00,2017-04-21 23:32:39,2017-04-21 23:32:39,1
409,837695,,2017-04-24 06:24:00,2017-04-21 23:32:40,2017-04-21 23:32:40,1
410,837699,,2017-04-24 09:24:00,2017-04-21 23:32:40,2017-04-21 23:32:40,1
411,837683,,2017-04-24 07:45:00,2017-04-21 23:32:40,2017-04-21 23:32:40,1
412,88700,,2017-04-24 04:48:00,2017-04-21 23:32:40,2017-04-21 23:32:40,1
413,88770,,2017-04-24 05:08:00,2017-04-21 23:32:40,2017-04-21 23:32:40,1
414,88702,,2017-04-24 05:33:00,2017-04-21 23:32:40,2017-04-21 23:32:40,1
415,88704,,2017-04-24 05:46:00,2017-04-21 23:32:40,2017-04-21 23:32:40,1
416,88706,,2017-04-24 06:03:00,2017-04-21 23:32:40,2017-04-21 23:32:40,1
417,88708,,2017-04-24 06:07:00,2017-04-21 23:32:40,2017-04-21 23:32:40,1
418,88710,,2017-04-24 06:33:00,2017-04-21 23:32:40,2017-04-21 23:32:40,1
419,88712,,2017-04-24 06:46:00,2017-04-21 23:32:40,2017-04-21 23:32:40,1
420,88714,,2017-04-24 07:16:00,2017-04-21 23:32:40,2017-04-21 23:32:40,1
421,88716,,2017-04-24 07:46:00,2017-04-21 23:32:40,2017-04-21 23:32:40,1
422,88718,,2017-04-24 08:16:00,2017-04-21 23:32:40,2017-04-21 23:32:40,1
423,88720,,2017-04-24 08:33:00,2017-04-21 23:32:40,2017-04-21 23:32:40,1
424,88722,,2017-04-24 08:46:00,2017-04-21 23:32:41,2017-04-21 23:32:41,1
425,88724,,2017-04-24 09:03:00,2017-04-21 23:32:41,2017-04-21 23:32:41,1
426,88726,,2017-04-24 09:33:00,2017-04-21 23:32:41,2017-04-21 23:32:41,1
427,88730,,2017-04-24 10:31:00,2017-04-21 23:32:41,2017-04-21 23:32:41,1
428,88506,,2017-04-24 11:33:00,2017-04-21 23:32:41,2017-04-21 23:32:41,1
429,88734,,2017-04-24 11:46:00,2017-04-21 23:32:41,2017-04-21 23:32:41,1
430,88736,,2017-04-24 12:47:00,2017-04-21 23:32:41,2017-04-21 23:32:41,1
431,88738,,2017-04-24 13:03:00,2017-04-21 23:32:41,2017-04-21 23:32:41,1
432,88740,,2017-04-24 14:46:00,2017-04-21 23:32:41,2017-04-21 23:32:41,1
433,88742,,2017-04-24 15:46:00,2017-04-21 23:32:41,2017-04-21 23:32:41,1
434,88744,,2017-04-24 16:03:00,2017-04-21 23:32:41,2017-04-21 23:32:41,1
435,88746,,2017-04-24 16:16:00,2017-04-21 23:32:41,2017-04-21 23:32:41,1
436,88748,,2017-04-24 16:46:00,2017-04-21 23:32:41,2017-04-21 23:32:41,1
437,88750,,2017-04-24 17:03:00,2017-04-21 23:32:42,2017-04-21 23:32:42,1
438,88756,,2017-04-24 17:16:00,2017-04-21 23:32:42,2017-04-21 23:32:42,1
439,88764,,2017-04-24 18:16:00,2017-04-21 23:32:42,2017-04-21 23:32:42,1
440,88766,,2017-04-24 18:33:00,2017-04-21 23:32:42,2017-04-21 23:32:42,1
441,88768,,2017-04-24 18:46:00,2017-04-21 23:32:42,2017-04-21 23:32:42,1
442,88772,,2017-04-24 19:33:00,2017-04-21 23:32:42,2017-04-21 23:32:42,1
443,88774,,2017-04-24 19:46:00,2017-04-21 23:32:42,2017-04-21 23:32:42,1
444,88776,,2017-04-24 20:33:00,2017-04-21 23:32:42,2017-04-21 23:32:42,1
445,88778,,2017-04-24 20:46:00,2017-04-21 23:32:42,2017-04-21 23:32:42,1
446,88780,,2017-04-24 21:33:00,2017-04-21 23:32:42,2017-04-21 23:32:42,1
447,88786,,2017-04-24 22:46:00,2017-04-21 23:32:42,2017-04-21 23:32:42,1
448,88782,,2017-04-24 21:46:00,2017-04-21 23:32:42,2017-04-21 23:32:42,1
449,837502,,2017-04-24 06:02:00,2017-04-21 23:32:42,2017-04-21 23:32:42,1
450,837504,,2017-04-24 06:09:00,2017-04-21 23:32:42,2017-04-21 23:32:42,1
451,837508,,2017-04-24 06:39:00,2017-04-21 23:32:43,2017-04-21 23:32:43,1
452,837512,,2017-04-24 07:09:00,2017-04-21 23:32:43,2017-04-21 23:32:43,1
453,837518,,2017-04-24 07:39:00,2017-04-21 23:32:43,2017-04-21 23:32:43,1
454,837522,,2017-04-24 08:09:00,2017-04-21 23:32:43,2017-04-21 23:32:43,1
455,837524,,2017-04-24 08:32:00,2017-04-21 23:32:43,2017-04-21 23:32:43,1
456,837526,,2017-04-24 08:39:00,2017-04-21 23:32:43,2017-04-21 23:32:43,1
457,837528,,2017-04-24 09:02:00,2017-04-21 23:32:43,2017-04-21 23:32:43,1
458,837530,,2017-04-24 09:32:00,2017-04-21 23:32:43,2017-04-21 23:32:43,1
459,837532,,2017-04-24 09:39:00,2017-04-21 23:32:43,2017-04-21 23:32:43,1
460,837534,,2017-04-24 11:02:00,2017-04-21 23:32:43,2017-04-21 23:32:43,1
461,837536,,2017-04-24 11:39:00,2017-04-21 23:32:43,2017-04-21 23:32:43,1
462,837540,,2017-04-24 12:39:00,2017-04-21 23:32:43,2017-04-21 23:32:43,1
463,837542,,2017-04-24 13:02:00,2017-04-21 23:32:43,2017-04-21 23:32:43,1
464,837546,,2017-04-24 14:02:00,2017-04-21 23:32:43,2017-04-21 23:32:43,1
465,837548,,2017-04-24 15:02:00,2017-04-21 23:32:44,2017-04-21 23:32:44,1
466,837550,,2017-04-24 15:32:00,2017-04-21 23:32:44,2017-04-21 23:32:44,1
467,837552,,2017-04-24 15:39:00,2017-04-21 23:32:44,2017-04-21 23:32:44,1
468,837554,,2017-04-24 16:02:00,2017-04-21 23:32:44,2017-04-21 23:32:44,1
469,837556,,2017-04-24 16:09:00,2017-04-21 23:32:44,2017-04-21 23:32:44,1
470,837558,,2017-04-24 16:32:00,2017-04-21 23:32:44,2017-04-21 23:32:44,1
471,837560,,2017-04-24 16:39:00,2017-04-21 23:32:44,2017-04-21 23:32:44,1
472,837562,,2017-04-24 17:02:00,2017-04-21 23:32:44,2017-04-21 23:32:44,1
473,837564,,2017-04-24 17:09:00,2017-04-21 23:32:44,2017-04-21 23:32:44,1
474,837566,,2017-04-24 17:39:00,2017-04-21 23:32:44,2017-04-21 23:32:44,1
475,837568,,2017-04-24 18:02:00,2017-04-21 23:32:44,2017-04-21 23:32:44,1
476,837570,,2017-04-24 18:09:00,2017-04-21 23:32:44,2017-04-21 23:32:44,1
477,837574,,2017-04-24 18:39:00,2017-04-21 23:32:44,2017-04-21 23:32:44,1
478,837576,,2017-04-24 19:02:00,2017-04-21 23:32:45,2017-04-21 23:32:45,1
479,837578,,2017-04-24 19:39:00,2017-04-21 23:32:45,2017-04-21 23:32:45,1
480,837580,,2017-04-24 20:02:00,2017-04-21 23:32:45,2017-04-21 23:32:45,1
481,837582,,2017-04-24 20:32:00,2017-04-21 23:32:45,2017-04-21 23:32:45,1
482,837584,,2017-04-24 20:39:00,2017-04-21 23:32:45,2017-04-21 23:32:45,1
483,837594,,2017-04-24 22:32:00,2017-04-21 23:32:45,2017-04-21 23:32:45,1
484,837680,,2017-04-24 13:48:00,2017-04-21 23:32:45,2017-04-21 23:32:45,1
485,837682,,2017-04-24 14:06:00,2017-04-21 23:32:45,2017-04-21 23:32:45,1
486,837684,,2017-04-24 17:46:00,2017-04-21 23:32:45,2017-04-21 23:32:45,1
487,837686,,2017-04-24 19:16:00,2017-04-21 23:32:45,2017-04-21 23:32:45,1
488,88621,,2017-04-25 06:29:00,2017-04-21 23:32:52,2017-04-21 23:32:52,1
489,88623,,2017-04-25 07:08:00,2017-04-21 23:32:52,2017-04-21 23:32:52,1
490,88521,,2017-04-25 09:38:00,2017-04-21 23:32:52,2017-04-21 23:32:52,1
491,88523,,2017-04-25 10:38:00,2017-04-21 23:32:52,2017-04-21 23:32:52,1
492,88525,,2017-04-25 11:38:00,2017-04-21 23:32:52,2017-04-21 23:32:52,1
493,88527,,2017-04-25 12:38:00,2017-04-21 23:32:53,2017-04-21 23:32:53,1
494,88531,,2017-04-25 16:38:00,2017-04-21 23:32:53,2017-04-21 23:32:53,1
495,88533,,2017-04-25 17:38:00,2017-04-21 23:32:53,2017-04-21 23:32:53,1
496,88535,,2017-04-25 18:38:00,2017-04-21 23:32:53,2017-04-21 23:32:53,1
497,88627,,2017-04-25 20:38:00,2017-04-21 23:32:53,2017-04-21 23:32:53,1
498,88801,,2017-04-25 06:57:00,2017-04-21 23:32:53,2017-04-21 23:32:53,1
499,88803,,2017-04-25 07:27:00,2017-04-21 23:32:53,2017-04-21 23:32:53,1
500,88805,,2017-04-25 07:57:00,2017-04-21 23:32:53,2017-04-21 23:32:53,1
501,88807,,2017-04-25 08:27:00,2017-04-21 23:32:53,2017-04-21 23:32:53,1
502,88809,,2017-04-25 17:27:00,2017-04-21 23:32:53,2017-04-21 23:32:53,1
503,88811,,2017-04-25 17:57:00,2017-04-21 23:32:53,2017-04-21 23:32:53,1
504,88813,,2017-04-25 18:27:00,2017-04-21 23:32:54,2017-04-21 23:32:54,1
505,88701,,2017-04-25 05:13:00,2017-04-21 23:32:54,2017-04-21 23:32:54,1
506,88703,,2017-04-25 05:43:00,2017-04-21 23:32:54,2017-04-21 23:32:54,1
507,88705,,2017-04-25 06:13:00,2017-04-21 23:32:54,2017-04-21 23:32:54,1
508,88709,,2017-04-25 06:44:00,2017-04-21 23:32:54,2017-04-21 23:32:54,1
509,88713,,2017-04-25 07:38:00,2017-04-21 23:32:54,2017-04-21 23:32:54,1
510,88715,,2017-04-25 07:43:00,2017-04-21 23:32:54,2017-04-21 23:32:54,1
511,88717,,2017-04-25 08:08:00,2017-04-21 23:32:54,2017-04-21 23:32:54,1
512,88719,,2017-04-25 08:13:00,2017-04-21 23:32:54,2017-04-21 23:32:54,1
513,88721,,2017-04-25 08:38:00,2017-04-21 23:32:54,2017-04-21 23:32:54,1
514,88725,,2017-04-25 11:13:00,2017-04-21 23:32:54,2017-04-21 23:32:54,1
515,88727,,2017-04-25 12:08:00,2017-04-21 23:32:54,2017-04-21 23:32:54,1
516,88729,,2017-04-25 12:13:00,2017-04-21 23:32:55,2017-04-21 23:32:55,1
517,88731,,2017-04-25 12:57:00,2017-04-21 23:32:55,2017-04-21 23:32:55,1
518,88733,,2017-04-25 13:13:00,2017-04-21 23:32:55,2017-04-21 23:32:55,1
519,88529,,2017-04-25 13:38:00,2017-04-21 23:32:55,2017-04-21 23:32:55,1
520,88735,,2017-04-25 14:08:00,2017-04-21 23:32:55,2017-04-21 23:32:55,1
521,88737,,2017-04-25 14:13:00,2017-04-21 23:32:55,2017-04-21 23:32:55,1
522,88739,,2017-04-25 14:38:00,2017-04-21 23:32:55,2017-04-21 23:32:55,1
523,88741,,2017-04-25 15:13:00,2017-04-21 23:32:55,2017-04-21 23:32:55,1
524,88743,,2017-04-25 15:38:00,2017-04-21 23:32:55,2017-04-21 23:32:55,1
525,88745,,2017-04-25 16:08:00,2017-04-21 23:32:55,2017-04-21 23:32:55,1
526,88747,,2017-04-25 16:13:00,2017-04-21 23:32:55,2017-04-21 23:32:55,1
527,88749,,2017-04-25 16:43:00,2017-04-21 23:32:55,2017-04-21 23:32:55,1
528,88751,,2017-04-25 16:57:00,2017-04-21 23:32:55,2017-04-21 23:32:55,1
529,88753,,2017-04-25 17:13:00,2017-04-21 23:32:56,2017-04-21 23:32:56,1
530,88755,,2017-04-25 17:43:00,2017-04-21 23:32:56,2017-04-21 23:32:56,1
531,88759,,2017-04-25 18:08:00,2017-04-21 23:32:56,2017-04-21 23:32:56,1
532,88761,,2017-04-25 18:13:00,2017-04-21 23:32:56,2017-04-21 23:32:56,1
533,88763,,2017-04-25 18:43:00,2017-04-21 23:32:56,2017-04-21 23:32:56,1
534,88765,,2017-04-25 19:08:00,2017-04-21 23:32:56,2017-04-21 23:32:56,1
535,88767,,2017-04-25 19:13:00,2017-04-21 23:32:56,2017-04-21 23:32:56,1
536,88769,,2017-04-25 19:38:00,2017-04-21 23:32:56,2017-04-21 23:32:56,1
537,88771,,2017-04-25 20:08:00,2017-04-21 23:32:56,2017-04-21 23:32:56,1
538,88773,,2017-04-25 20:13:00,2017-04-21 23:32:56,2017-04-21 23:32:56,1
539,88777,,2017-04-25 21:13:00,2017-04-21 23:32:56,2017-04-21 23:32:56,1
540,88779,,2017-04-25 21:38:00,2017-04-21 23:32:56,2017-04-21 23:32:56,1
541,88781,,2017-04-25 22:13:00,2017-04-21 23:32:57,2017-04-21 23:32:57,1
542,88783,,2017-04-25 22:38:00,2017-04-21 23:32:57,2017-04-21 23:32:57,1
543,88501,,2017-04-25 06:20:00,2017-04-21 23:32:57,2017-04-21 23:32:57,1
544,88503,,2017-04-25 06:50:00,2017-04-21 23:32:57,2017-04-21 23:32:57,1
545,88505,,2017-04-25 07:20:00,2017-04-21 23:32:57,2017-04-21 23:32:57,1
546,88509,,2017-04-25 11:50:00,2017-04-21 23:32:57,2017-04-21 23:32:57,1
547,88511,,2017-04-25 12:50:00,2017-04-21 23:32:57,2017-04-21 23:32:57,1
548,88513,,2017-04-25 13:50:00,2017-04-21 23:32:57,2017-04-21 23:32:57,1
549,88515,,2017-04-25 14:50:00,2017-04-21 23:32:57,2017-04-21 23:32:57,1
550,88517,,2017-04-25 15:50:00,2017-04-21 23:32:57,2017-04-21 23:32:57,1
551,88577,,2017-04-25 16:50:00,2017-04-21 23:32:57,2017-04-21 23:32:57,1
552,88537,,2017-04-25 17:20:00,2017-04-21 23:32:57,2017-04-21 23:32:57,1
553,88539,,2017-04-25 18:20:00,2017-04-21 23:32:58,2017-04-21 23:32:58,1
554,837501,,2017-04-25 05:28:00,2017-04-21 23:32:58,2017-04-21 23:32:58,1
555,837503,,2017-04-25 05:58:00,2017-04-21 23:32:58,2017-04-21 23:32:58,1
556,837505,,2017-04-25 06:28:00,2017-04-21 23:32:58,2017-04-21 23:32:58,1
557,837511,,2017-04-25 07:28:00,2017-04-21 23:32:58,2017-04-21 23:32:58,1
558,837513,,2017-04-25 07:50:00,2017-04-21 23:32:58,2017-04-21 23:32:58,1
559,837515,,2017-04-25 07:58:00,2017-04-21 23:32:58,2017-04-21 23:32:58,1
560,837519,,2017-04-25 08:20:00,2017-04-21 23:32:58,2017-04-21 23:32:58,1
561,837521,,2017-04-25 08:28:00,2017-04-21 23:32:58,2017-04-21 23:32:58,1
562,837523,,2017-04-25 08:50:00,2017-04-21 23:32:58,2017-04-21 23:32:58,1
563,837525,,2017-04-25 09:20:00,2017-04-21 23:32:58,2017-04-21 23:32:58,1
564,837529,,2017-04-25 09:50:00,2017-04-21 23:32:58,2017-04-21 23:32:58,1
565,837531,,2017-04-25 10:20:00,2017-04-21 23:32:58,2017-04-21 23:32:58,1
566,837533,,2017-04-25 11:20:00,2017-04-21 23:32:59,2017-04-21 23:32:59,1
567,837535,,2017-04-25 11:28:00,2017-04-21 23:32:59,2017-04-21 23:32:59,1
568,837537,,2017-04-25 12:20:00,2017-04-21 23:32:59,2017-04-21 23:32:59,1
569,837539,,2017-04-25 12:28:00,2017-04-21 23:32:59,2017-04-21 23:32:59,1
570,837543,,2017-04-25 13:28:00,2017-04-21 23:32:59,2017-04-21 23:32:59,1
571,837545,,2017-04-25 14:20:00,2017-04-21 23:32:59,2017-04-21 23:32:59,1
572,837547,,2017-04-25 15:20:00,2017-04-21 23:32:59,2017-04-21 23:32:59,1
573,837549,,2017-04-25 15:28:00,2017-04-21 23:32:59,2017-04-21 23:32:59,1
574,837553,,2017-04-25 16:20:00,2017-04-21 23:32:59,2017-04-21 23:32:59,1
575,837555,,2017-04-25 16:28:00,2017-04-21 23:32:59,2017-04-21 23:32:59,1
576,837563,,2017-04-25 17:28:00,2017-04-21 23:32:59,2017-04-21 23:32:59,1
577,837565,,2017-04-25 17:50:00,2017-04-21 23:32:59,2017-04-21 23:32:59,1
578,837567,,2017-04-25 17:58:00,2017-04-21 23:33:00,2017-04-21 23:33:00,1
579,837571,,2017-04-25 18:28:00,2017-04-21 23:33:00,2017-04-21 23:33:00,1
580,837573,,2017-04-25 18:50:00,2017-04-21 23:33:00,2017-04-21 23:33:00,1
581,837575,,2017-04-25 18:58:00,2017-04-21 23:33:00,2017-04-21 23:33:00,1
582,837577,,2017-04-25 19:20:00,2017-04-21 23:33:00,2017-04-21 23:33:00,1
583,837579,,2017-04-25 19:28:00,2017-04-21 23:33:00,2017-04-21 23:33:00,1
584,837583,,2017-04-25 20:20:00,2017-04-21 23:33:00,2017-04-21 23:33:00,1
585,837585,,2017-04-25 20:28:00,2017-04-21 23:33:00,2017-04-21 23:33:00,1
586,837587,,2017-04-25 20:50:00,2017-04-21 23:33:00,2017-04-21 23:33:00,1
587,837591,,2017-04-25 21:50:00,2017-04-21 23:33:00,2017-04-21 23:33:00,1
588,837593,,2017-04-25 22:50:00,2017-04-21 23:33:00,2017-04-21 23:33:00,1
589,88802,,2017-04-25 07:03:00,2017-04-21 23:33:00,2017-04-21 23:33:00,1
590,88804,,2017-04-25 07:33:00,2017-04-21 23:33:00,2017-04-21 23:33:00,1
591,88806,,2017-04-25 08:03:00,2017-04-21 23:33:00,2017-04-21 23:33:00,1
592,88808,,2017-04-25 15:31:00,2017-04-21 23:33:01,2017-04-21 23:33:01,1
593,88810,,2017-04-25 16:01:00,2017-04-21 23:33:01,2017-04-21 23:33:01,1
594,88812,,2017-04-25 17:31:00,2017-04-21 23:33:01,2017-04-21 23:33:01,1
595,88814,,2017-04-25 18:01:00,2017-04-21 23:33:01,2017-04-21 23:33:01,1
596,837693,,2017-04-25 06:04:00,2017-04-21 23:33:01,2017-04-21 23:33:01,1
597,837695,,2017-04-25 06:24:00,2017-04-21 23:33:01,2017-04-21 23:33:01,1
598,837699,,2017-04-25 09:24:00,2017-04-21 23:33:01,2017-04-21 23:33:01,1
599,837683,,2017-04-25 07:45:00,2017-04-21 23:33:01,2017-04-21 23:33:01,1
600,88770,,2017-04-25 05:07:00,2017-04-21 23:33:01,2017-04-21 23:33:01,1
601,88702,,2017-04-25 05:33:00,2017-04-21 23:33:01,2017-04-21 23:33:01,1
602,88704,,2017-04-25 05:46:00,2017-04-21 23:33:01,2017-04-21 23:33:01,1
603,88706,,2017-04-25 06:03:00,2017-04-21 23:33:01,2017-04-21 23:33:01,1
604,88708,,2017-04-25 06:07:00,2017-04-21 23:33:01,2017-04-21 23:33:01,1
605,88710,,2017-04-25 06:33:00,2017-04-21 23:33:02,2017-04-21 23:33:02,1
606,88712,,2017-04-25 06:46:00,2017-04-21 23:33:02,2017-04-21 23:33:02,1
607,88714,,2017-04-25 07:16:00,2017-04-21 23:33:02,2017-04-21 23:33:02,1
608,88716,,2017-04-25 07:46:00,2017-04-21 23:33:02,2017-04-21 23:33:02,1
609,88718,,2017-04-25 08:16:00,2017-04-21 23:33:02,2017-04-21 23:33:02,1
610,88720,,2017-04-25 08:33:00,2017-04-21 23:33:02,2017-04-21 23:33:02,1
611,88722,,2017-04-25 08:46:00,2017-04-21 23:33:02,2017-04-21 23:33:02,1
612,88724,,2017-04-25 09:03:00,2017-04-21 23:33:02,2017-04-21 23:33:02,1
613,88726,,2017-04-25 09:33:00,2017-04-21 23:33:02,2017-04-21 23:33:02,1
614,88730,,2017-04-25 10:31:00,2017-04-21 23:33:02,2017-04-21 23:33:02,1
615,88506,,2017-04-25 11:33:00,2017-04-21 23:33:02,2017-04-21 23:33:02,1
616,88734,,2017-04-25 11:46:00,2017-04-21 23:33:02,2017-04-21 23:33:02,1
617,88736,,2017-04-25 12:47:00,2017-04-21 23:33:02,2017-04-21 23:33:02,1
618,88738,,2017-04-25 13:03:00,2017-04-21 23:33:02,2017-04-21 23:33:02,1
619,88740,,2017-04-25 14:46:00,2017-04-21 23:33:03,2017-04-21 23:33:03,1
620,88742,,2017-04-25 15:46:00,2017-04-21 23:33:03,2017-04-21 23:33:03,1
621,88744,,2017-04-25 16:03:00,2017-04-21 23:33:03,2017-04-21 23:33:03,1
622,88746,,2017-04-25 16:16:00,2017-04-21 23:33:03,2017-04-21 23:33:03,1
623,88748,,2017-04-25 16:46:00,2017-04-21 23:33:03,2017-04-21 23:33:03,1
624,88750,,2017-04-25 17:03:00,2017-04-21 23:33:03,2017-04-21 23:33:03,1
625,88756,,2017-04-25 17:16:00,2017-04-21 23:33:03,2017-04-21 23:33:03,1
626,88764,,2017-04-25 18:16:00,2017-04-21 23:33:03,2017-04-21 23:33:03,1
627,88766,,2017-04-25 18:33:00,2017-04-21 23:33:03,2017-04-21 23:33:03,1
628,88768,,2017-04-25 18:46:00,2017-04-21 23:33:03,2017-04-21 23:33:03,1
629,88772,,2017-04-25 19:33:00,2017-04-21 23:33:03,2017-04-21 23:33:03,1
630,88774,,2017-04-25 19:46:00,2017-04-21 23:33:03,2017-04-21 23:33:03,1
631,88776,,2017-04-25 20:33:00,2017-04-21 23:33:03,2017-04-21 23:33:03,1
632,88778,,2017-04-25 20:46:00,2017-04-21 23:33:04,2017-04-21 23:33:04,1
633,88780,,2017-04-25 21:33:00,2017-04-21 23:33:04,2017-04-21 23:33:04,1
634,88786,,2017-04-25 22:46:00,2017-04-21 23:33:04,2017-04-21 23:33:04,1
635,88782,,2017-04-25 21:46:00,2017-04-21 23:33:04,2017-04-21 23:33:04,1
636,837502,,2017-04-25 06:02:00,2017-04-21 23:33:04,2017-04-21 23:33:04,1
637,837504,,2017-04-25 06:09:00,2017-04-21 23:33:04,2017-04-21 23:33:04,1
638,837508,,2017-04-25 06:39:00,2017-04-21 23:33:04,2017-04-21 23:33:04,1
639,837512,,2017-04-25 07:09:00,2017-04-21 23:33:04,2017-04-21 23:33:04,1
640,837518,,2017-04-25 07:39:00,2017-04-21 23:33:04,2017-04-21 23:33:04,1
641,837522,,2017-04-25 08:09:00,2017-04-21 23:33:04,2017-04-21 23:33:04,1
642,837524,,2017-04-25 08:32:00,2017-04-21 23:33:04,2017-04-21 23:33:04,1
643,837526,,2017-04-25 08:39:00,2017-04-21 23:33:05,2017-04-21 23:33:05,1
644,837528,,2017-04-25 09:02:00,2017-04-21 23:33:05,2017-04-21 23:33:05,1
645,837530,,2017-04-25 09:32:00,2017-04-21 23:33:05,2017-04-21 23:33:05,1
646,837532,,2017-04-25 09:39:00,2017-04-21 23:33:05,2017-04-21 23:33:05,1
647,837534,,2017-04-25 11:02:00,2017-04-21 23:33:05,2017-04-21 23:33:05,1
648,837536,,2017-04-25 11:39:00,2017-04-21 23:33:05,2017-04-21 23:33:05,1
649,837540,,2017-04-25 12:39:00,2017-04-21 23:33:05,2017-04-21 23:33:05,1
650,837542,,2017-04-25 13:02:00,2017-04-21 23:33:05,2017-04-21 23:33:05,1
651,837546,,2017-04-25 14:02:00,2017-04-21 23:33:05,2017-04-21 23:33:05,1
652,837548,,2017-04-25 15:02:00,2017-04-21 23:33:05,2017-04-21 23:33:05,1
653,837550,,2017-04-25 15:32:00,2017-04-21 23:33:05,2017-04-21 23:33:05,1
654,837552,,2017-04-25 15:39:00,2017-04-21 23:33:05,2017-04-21 23:33:05,1
655,837554,,2017-04-25 16:02:00,2017-04-21 23:33:05,2017-04-21 23:33:05,1
656,837556,,2017-04-25 16:09:00,2017-04-21 23:33:06,2017-04-21 23:33:06,1
657,837558,,2017-04-25 16:32:00,2017-04-21 23:33:06,2017-04-21 23:33:06,1
658,837560,,2017-04-25 16:39:00,2017-04-21 23:33:06,2017-04-21 23:33:06,1
659,837562,,2017-04-25 17:02:00,2017-04-21 23:33:06,2017-04-21 23:33:06,1
660,837564,,2017-04-25 17:09:00,2017-04-21 23:33:06,2017-04-21 23:33:06,1
661,837566,,2017-04-25 17:39:00,2017-04-21 23:33:06,2017-04-21 23:33:06,1
662,837568,,2017-04-25 18:02:00,2017-04-21 23:33:06,2017-04-21 23:33:06,1
663,837570,,2017-04-25 18:09:00,2017-04-21 23:33:06,2017-04-21 23:33:06,1
664,837574,,2017-04-25 18:39:00,2017-04-21 23:33:06,2017-04-21 23:33:06,1
665,837576,,2017-04-25 19:02:00,2017-04-21 23:33:06,2017-04-21 23:33:06,1
666,837578,,2017-04-25 19:39:00,2017-04-21 23:33:06,2017-04-21 23:33:06,1
667,837580,,2017-04-25 20:02:00,2017-04-21 23:33:07,2017-04-21 23:33:07,1
668,837582,,2017-04-25 20:32:00,2017-04-21 23:33:07,2017-04-21 23:33:07,1
669,837584,,2017-04-25 20:39:00,2017-04-21 23:33:07,2017-04-21 23:33:07,1
670,837594,,2017-04-25 22:32:00,2017-04-21 23:33:07,2017-04-21 23:33:07,1
671,837680,,2017-04-25 13:48:00,2017-04-21 23:33:07,2017-04-21 23:33:07,1
672,837682,,2017-04-25 14:06:00,2017-04-21 23:33:07,2017-04-21 23:33:07,1
673,837684,,2017-04-25 17:46:00,2017-04-21 23:33:07,2017-04-21 23:33:07,1
674,837686,,2017-04-25 19:16:00,2017-04-21 23:33:07,2017-04-21 23:33:07,1
676,88621,,2017-04-26 06:29:00,2017-04-21 23:33:35,2017-04-21 23:33:35,1
677,88623,,2017-04-26 07:08:00,2017-04-21 23:33:36,2017-04-21 23:33:36,1
678,88521,,2017-04-26 09:38:00,2017-04-21 23:33:36,2017-04-21 23:33:36,1
679,88523,,2017-04-26 10:38:00,2017-04-21 23:33:36,2017-04-21 23:33:36,1
680,88525,,2017-04-26 11:38:00,2017-04-21 23:33:36,2017-04-21 23:33:36,1
681,88527,,2017-04-26 12:38:00,2017-04-21 23:33:36,2017-04-21 23:33:36,1
682,88531,,2017-04-26 16:38:00,2017-04-21 23:33:36,2017-04-21 23:33:36,1
683,88533,,2017-04-26 17:38:00,2017-04-21 23:33:37,2017-04-21 23:33:37,1
684,88535,,2017-04-26 18:38:00,2017-04-21 23:33:37,2017-04-21 23:33:37,1
685,88627,,2017-04-26 20:38:00,2017-04-21 23:33:37,2017-04-21 23:33:37,1
686,88801,,2017-04-26 06:57:00,2017-04-21 23:33:37,2017-04-21 23:33:37,1
687,88803,,2017-04-26 07:27:00,2017-04-21 23:33:37,2017-04-21 23:33:37,1
688,88805,,2017-04-26 07:57:00,2017-04-21 23:33:37,2017-04-21 23:33:37,1
689,88807,,2017-04-26 08:27:00,2017-04-21 23:33:38,2017-04-21 23:33:38,1
690,88809,,2017-04-26 17:27:00,2017-04-21 23:33:38,2017-04-21 23:33:38,1
691,88811,,2017-04-26 17:57:00,2017-04-21 23:33:38,2017-04-21 23:33:38,1
692,88813,,2017-04-26 18:27:00,2017-04-21 23:33:38,2017-04-21 23:33:38,1
693,88701,,2017-04-26 05:13:00,2017-04-21 23:33:38,2017-04-21 23:33:38,1
694,88703,,2017-04-26 05:43:00,2017-04-21 23:33:38,2017-04-21 23:33:38,1
695,88705,,2017-04-26 06:13:00,2017-04-21 23:33:38,2017-04-21 23:33:38,1
696,88709,,2017-04-26 06:44:00,2017-04-21 23:33:38,2017-04-21 23:33:38,1
697,88713,,2017-04-26 07:38:00,2017-04-21 23:33:39,2017-04-21 23:33:39,1
698,88715,,2017-04-26 07:43:00,2017-04-21 23:33:39,2017-04-21 23:33:39,1
699,88717,,2017-04-26 08:08:00,2017-04-21 23:33:39,2017-04-21 23:33:39,1
700,88719,,2017-04-26 08:13:00,2017-04-21 23:33:39,2017-04-21 23:33:39,1
701,88721,,2017-04-26 08:38:00,2017-04-21 23:33:39,2017-04-21 23:33:39,1
702,88725,,2017-04-26 11:13:00,2017-04-21 23:33:39,2017-04-21 23:33:39,1
703,88727,,2017-04-26 12:08:00,2017-04-21 23:33:40,2017-04-21 23:33:40,1
704,88729,,2017-04-26 12:13:00,2017-04-21 23:33:40,2017-04-21 23:33:40,1
705,88731,,2017-04-26 12:57:00,2017-04-21 23:33:40,2017-04-21 23:33:40,1
706,88733,,2017-04-26 13:13:00,2017-04-21 23:33:40,2017-04-21 23:33:40,1
707,88529,,2017-04-26 13:38:00,2017-04-21 23:33:40,2017-04-21 23:33:40,1
708,88735,,2017-04-26 14:08:00,2017-04-21 23:33:40,2017-04-21 23:33:40,1
709,88737,,2017-04-26 14:13:00,2017-04-21 23:33:40,2017-04-21 23:33:40,1
710,88739,,2017-04-26 14:38:00,2017-04-21 23:33:40,2017-04-21 23:33:40,1
711,88741,,2017-04-26 15:13:00,2017-04-21 23:33:41,2017-04-21 23:33:41,1
712,88743,,2017-04-26 15:38:00,2017-04-21 23:33:41,2017-04-21 23:33:41,1
713,88745,,2017-04-26 16:08:00,2017-04-21 23:33:41,2017-04-21 23:33:41,1
714,88747,,2017-04-26 16:13:00,2017-04-21 23:33:41,2017-04-21 23:33:41,1
715,88749,,2017-04-26 16:43:00,2017-04-21 23:33:41,2017-04-21 23:33:41,1
716,88751,,2017-04-26 16:57:00,2017-04-21 23:33:41,2017-04-21 23:33:41,1
717,88753,,2017-04-26 17:13:00,2017-04-21 23:33:41,2017-04-21 23:33:41,1
718,88755,,2017-04-26 17:43:00,2017-04-21 23:33:42,2017-04-21 23:33:42,1
719,88759,,2017-04-26 18:08:00,2017-04-21 23:33:42,2017-04-21 23:33:42,1
720,88761,,2017-04-26 18:13:00,2017-04-21 23:33:42,2017-04-21 23:33:42,1
721,88763,,2017-04-26 18:43:00,2017-04-21 23:33:42,2017-04-21 23:33:42,1
722,88765,,2017-04-26 19:08:00,2017-04-21 23:33:42,2017-04-21 23:33:42,1
723,88767,,2017-04-26 19:13:00,2017-04-21 23:33:42,2017-04-21 23:33:42,1
724,88769,,2017-04-26 19:38:00,2017-04-21 23:33:43,2017-04-21 23:33:43,1
725,88771,,2017-04-26 20:08:00,2017-04-21 23:33:43,2017-04-21 23:33:43,1
726,88773,,2017-04-26 20:13:00,2017-04-21 23:33:43,2017-04-21 23:33:43,1
727,88777,,2017-04-26 21:13:00,2017-04-21 23:33:43,2017-04-21 23:33:43,1
728,88779,,2017-04-26 21:38:00,2017-04-21 23:33:43,2017-04-21 23:33:43,1
729,88781,,2017-04-26 22:13:00,2017-04-21 23:33:43,2017-04-21 23:33:43,1
730,88783,,2017-04-26 22:38:00,2017-04-21 23:33:43,2017-04-21 23:33:43,1
731,88501,,2017-04-26 06:20:00,2017-04-21 23:33:44,2017-04-21 23:33:44,1
732,88503,,2017-04-26 06:50:00,2017-04-21 23:33:44,2017-04-21 23:33:44,1
733,88505,,2017-04-26 07:20:00,2017-04-21 23:33:44,2017-04-21 23:33:44,1
734,88509,,2017-04-26 11:50:00,2017-04-21 23:33:44,2017-04-21 23:33:44,1
735,88511,,2017-04-26 12:50:00,2017-04-21 23:33:44,2017-04-21 23:33:44,1
736,88513,,2017-04-26 13:50:00,2017-04-21 23:33:44,2017-04-21 23:33:44,1
737,88515,,2017-04-26 14:50:00,2017-04-21 23:33:44,2017-04-21 23:33:44,1
738,88517,,2017-04-26 15:50:00,2017-04-21 23:33:45,2017-04-21 23:33:45,1
739,88577,,2017-04-26 16:50:00,2017-04-21 23:33:45,2017-04-21 23:33:45,1
740,88537,,2017-04-26 17:20:00,2017-04-21 23:33:45,2017-04-21 23:33:45,1
741,88539,,2017-04-26 18:20:00,2017-04-21 23:33:45,2017-04-21 23:33:45,1
742,837501,,2017-04-26 05:28:00,2017-04-21 23:33:45,2017-04-21 23:33:45,1
743,837503,,2017-04-26 05:58:00,2017-04-21 23:33:45,2017-04-21 23:33:45,1
744,837505,,2017-04-26 06:28:00,2017-04-21 23:33:45,2017-04-21 23:33:45,1
745,837511,,2017-04-26 07:28:00,2017-04-21 23:33:46,2017-04-21 23:33:46,1
746,837513,,2017-04-26 07:50:00,2017-04-21 23:33:46,2017-04-21 23:33:46,1
747,837515,,2017-04-26 07:58:00,2017-04-21 23:33:46,2017-04-21 23:33:46,1
748,837519,,2017-04-26 08:20:00,2017-04-21 23:33:46,2017-04-21 23:33:46,1
749,837521,,2017-04-26 08:28:00,2017-04-21 23:33:46,2017-04-21 23:33:46,1
750,837523,,2017-04-26 08:50:00,2017-04-21 23:33:46,2017-04-21 23:33:46,1
751,837525,,2017-04-26 09:20:00,2017-04-21 23:33:46,2017-04-21 23:33:46,1
752,837529,,2017-04-26 09:50:00,2017-04-21 23:33:46,2017-04-21 23:33:46,1
753,837531,,2017-04-26 10:20:00,2017-04-21 23:33:47,2017-04-21 23:33:47,1
754,837533,,2017-04-26 11:20:00,2017-04-21 23:33:47,2017-04-21 23:33:47,1
755,837535,,2017-04-26 11:28:00,2017-04-21 23:33:47,2017-04-21 23:33:47,1
756,837537,,2017-04-26 12:20:00,2017-04-21 23:33:47,2017-04-21 23:33:47,1
757,837539,,2017-04-26 12:28:00,2017-04-21 23:33:47,2017-04-21 23:33:47,1
758,837543,,2017-04-26 13:28:00,2017-04-21 23:33:47,2017-04-21 23:33:47,1
759,837545,,2017-04-26 14:20:00,2017-04-21 23:33:47,2017-04-21 23:33:47,1
760,837547,,2017-04-26 15:20:00,2017-04-21 23:33:48,2017-04-21 23:33:48,1
761,837549,,2017-04-26 15:28:00,2017-04-21 23:33:48,2017-04-21 23:33:48,1
762,837553,,2017-04-26 16:20:00,2017-04-21 23:33:48,2017-04-21 23:33:48,1
763,837555,,2017-04-26 16:28:00,2017-04-21 23:33:48,2017-04-21 23:33:48,1
764,837563,,2017-04-26 17:28:00,2017-04-21 23:33:48,2017-04-21 23:33:48,1
765,837565,,2017-04-26 17:50:00,2017-04-21 23:33:48,2017-04-21 23:33:48,1
766,837567,,2017-04-26 17:58:00,2017-04-21 23:33:48,2017-04-21 23:33:48,1
767,837571,,2017-04-26 18:28:00,2017-04-21 23:33:49,2017-04-21 23:33:49,1
768,837573,,2017-04-26 18:50:00,2017-04-21 23:33:49,2017-04-21 23:33:49,1
769,837575,,2017-04-26 18:58:00,2017-04-21 23:33:49,2017-04-21 23:33:49,1
770,837577,,2017-04-26 19:20:00,2017-04-21 23:33:49,2017-04-21 23:33:49,1
771,837579,,2017-04-26 19:28:00,2017-04-21 23:33:49,2017-04-21 23:33:49,1
772,837583,,2017-04-26 20:20:00,2017-04-21 23:33:49,2017-04-21 23:33:49,1
773,837585,,2017-04-26 20:28:00,2017-04-21 23:33:49,2017-04-21 23:33:49,1
774,837587,,2017-04-26 20:50:00,2017-04-21 23:33:49,2017-04-21 23:33:49,1
775,837591,,2017-04-26 21:50:00,2017-04-21 23:33:50,2017-04-21 23:33:50,1
776,837593,,2017-04-26 22:50:00,2017-04-21 23:33:50,2017-04-21 23:33:50,1
777,88802,,2017-04-26 07:03:00,2017-04-21 23:33:50,2017-04-21 23:33:50,1
778,88804,,2017-04-26 07:33:00,2017-04-21 23:33:50,2017-04-21 23:33:50,1
779,88806,,2017-04-26 08:03:00,2017-04-21 23:33:50,2017-04-21 23:33:50,1
780,88808,,2017-04-26 15:31:00,2017-04-21 23:33:50,2017-04-21 23:33:50,1
781,88810,,2017-04-26 16:01:00,2017-04-21 23:33:50,2017-04-21 23:33:50,1
782,88812,,2017-04-26 17:31:00,2017-04-21 23:33:50,2017-04-21 23:33:50,1
783,88814,,2017-04-26 18:01:00,2017-04-21 23:33:51,2017-04-21 23:33:51,1
784,837693,,2017-04-26 06:04:00,2017-04-21 23:33:51,2017-04-21 23:33:51,1
785,837695,,2017-04-26 06:24:00,2017-04-21 23:33:51,2017-04-21 23:33:51,1
786,837699,,2017-04-26 09:24:00,2017-04-21 23:33:51,2017-04-21 23:33:51,1
787,837683,,2017-04-26 07:45:00,2017-04-21 23:33:51,2017-04-21 23:33:51,1
788,88770,,2017-04-26 05:07:00,2017-04-21 23:33:51,2017-04-21 23:33:51,1
789,88702,,2017-04-26 05:33:00,2017-04-21 23:33:51,2017-04-21 23:33:51,1
790,88704,,2017-04-26 05:46:00,2017-04-21 23:33:52,2017-04-21 23:33:52,1
791,88706,,2017-04-26 06:03:00,2017-04-21 23:33:52,2017-04-21 23:33:52,1
792,88708,,2017-04-26 06:07:00,2017-04-21 23:33:52,2017-04-21 23:33:52,1
793,88710,,2017-04-26 06:33:00,2017-04-21 23:33:52,2017-04-21 23:33:52,1
794,88712,,2017-04-26 06:46:00,2017-04-21 23:33:52,2017-04-21 23:33:52,1
795,88714,,2017-04-26 07:16:00,2017-04-21 23:33:52,2017-04-21 23:33:52,1
796,88716,,2017-04-26 07:46:00,2017-04-21 23:33:52,2017-04-21 23:33:52,1
797,88718,,2017-04-26 08:16:00,2017-04-21 23:33:53,2017-04-21 23:33:53,1
798,88720,,2017-04-26 08:33:00,2017-04-21 23:33:53,2017-04-21 23:33:53,1
799,88722,,2017-04-26 08:46:00,2017-04-21 23:33:53,2017-04-21 23:33:53,1
800,88724,,2017-04-26 09:03:00,2017-04-21 23:33:53,2017-04-21 23:33:53,1
801,88726,,2017-04-26 09:33:00,2017-04-21 23:33:53,2017-04-21 23:33:53,1
802,88730,,2017-04-26 10:31:00,2017-04-21 23:33:53,2017-04-21 23:33:53,1
803,88506,,2017-04-26 11:33:00,2017-04-21 23:33:53,2017-04-21 23:33:53,1
804,88734,,2017-04-26 11:46:00,2017-04-21 23:33:54,2017-04-21 23:33:54,1
805,88736,,2017-04-26 12:47:00,2017-04-21 23:33:54,2017-04-21 23:33:54,1
806,88738,,2017-04-26 13:03:00,2017-04-21 23:33:54,2017-04-21 23:33:54,1
807,88740,,2017-04-26 14:46:00,2017-04-21 23:33:54,2017-04-21 23:33:54,1
808,88742,,2017-04-26 15:46:00,2017-04-21 23:33:54,2017-04-21 23:33:54,1
809,88744,,2017-04-26 16:03:00,2017-04-21 23:33:54,2017-04-21 23:33:54,1
810,88746,,2017-04-26 16:16:00,2017-04-21 23:33:54,2017-04-21 23:33:54,1
811,88748,,2017-04-26 16:46:00,2017-04-21 23:33:55,2017-04-21 23:33:55,1
812,88750,,2017-04-26 17:03:00,2017-04-21 23:33:55,2017-04-21 23:33:55,1
813,88756,,2017-04-26 17:16:00,2017-04-21 23:33:55,2017-04-21 23:33:55,1
814,88764,,2017-04-26 18:16:00,2017-04-21 23:33:55,2017-04-21 23:33:55,1
815,88766,,2017-04-26 18:33:00,2017-04-21 23:33:55,2017-04-21 23:33:55,1
816,88768,,2017-04-26 18:46:00,2017-04-21 23:33:55,2017-04-21 23:33:55,1
817,88772,,2017-04-26 19:33:00,2017-04-21 23:33:55,2017-04-21 23:33:55,1
818,88774,,2017-04-26 19:46:00,2017-04-21 23:33:56,2017-04-21 23:33:56,1
819,88776,,2017-04-26 20:33:00,2017-04-21 23:33:56,2017-04-21 23:33:56,1
820,88778,,2017-04-26 20:46:00,2017-04-21 23:33:56,2017-04-21 23:33:56,1
821,88780,,2017-04-26 21:33:00,2017-04-21 23:33:56,2017-04-21 23:33:56,1
822,88786,,2017-04-26 22:46:00,2017-04-21 23:33:56,2017-04-21 23:33:56,1
823,88782,,2017-04-26 21:46:00,2017-04-21 23:33:56,2017-04-21 23:33:56,1
824,837502,,2017-04-26 06:02:00,2017-04-21 23:33:56,2017-04-21 23:33:56,1
825,837504,,2017-04-26 06:09:00,2017-04-21 23:33:57,2017-04-21 23:33:57,1
826,837508,,2017-04-26 06:39:00,2017-04-21 23:33:57,2017-04-21 23:33:57,1
827,837512,,2017-04-26 07:09:00,2017-04-21 23:33:57,2017-04-21 23:33:57,1
828,837518,,2017-04-26 07:39:00,2017-04-21 23:33:57,2017-04-21 23:33:57,1
829,837522,,2017-04-26 08:09:00,2017-04-21 23:33:57,2017-04-21 23:33:57,1
830,837524,,2017-04-26 08:32:00,2017-04-21 23:33:57,2017-04-21 23:33:57,1
831,837526,,2017-04-26 08:39:00,2017-04-21 23:33:57,2017-04-21 23:33:57,1
832,837528,,2017-04-26 09:02:00,2017-04-21 23:33:58,2017-04-21 23:33:58,1
833,837530,,2017-04-26 09:32:00,2017-04-21 23:33:58,2017-04-21 23:33:58,1
834,837532,,2017-04-26 09:39:00,2017-04-21 23:33:58,2017-04-21 23:33:58,1
835,837534,,2017-04-26 11:02:00,2017-04-21 23:33:58,2017-04-21 23:33:58,1
836,837536,,2017-04-26 11:39:00,2017-04-21 23:33:58,2017-04-21 23:33:58,1
837,837540,,2017-04-26 12:39:00,2017-04-21 23:33:58,2017-04-21 23:33:58,1
838,837542,,2017-04-26 13:02:00,2017-04-21 23:33:59,2017-04-21 23:33:59,1
839,837546,,2017-04-26 14:02:00,2017-04-21 23:33:59,2017-04-21 23:33:59,1
840,837548,,2017-04-26 15:02:00,2017-04-21 23:33:59,2017-04-21 23:33:59,1
841,837550,,2017-04-26 15:32:00,2017-04-21 23:33:59,2017-04-21 23:33:59,1
842,837552,,2017-04-26 15:39:00,2017-04-21 23:33:59,2017-04-21 23:33:59,1
843,837554,,2017-04-26 16:02:00,2017-04-21 23:33:59,2017-04-21 23:33:59,1
844,837556,,2017-04-26 16:09:00,2017-04-21 23:33:59,2017-04-21 23:33:59,1
845,837558,,2017-04-26 16:32:00,2017-04-21 23:33:59,2017-04-21 23:33:59,1
846,837560,,2017-04-26 16:39:00,2017-04-21 23:34:00,2017-04-21 23:34:00,1
847,837562,,2017-04-26 17:02:00,2017-04-21 23:34:00,2017-04-21 23:34:00,1
848,837564,,2017-04-26 17:09:00,2017-04-21 23:34:00,2017-04-21 23:34:00,1
849,837566,,2017-04-26 17:39:00,2017-04-21 23:34:00,2017-04-21 23:34:00,1
850,837568,,2017-04-26 18:02:00,2017-04-21 23:34:00,2017-04-21 23:34:00,1
851,837570,,2017-04-26 18:09:00,2017-04-21 23:34:00,2017-04-21 23:34:00,1
852,837574,,2017-04-26 18:39:00,2017-04-21 23:34:01,2017-04-21 23:34:01,1
853,837576,,2017-04-26 19:02:00,2017-04-21 23:34:01,2017-04-21 23:34:01,1
854,837578,,2017-04-26 19:39:00,2017-04-21 23:34:01,2017-04-21 23:34:01,1
855,837580,,2017-04-26 20:02:00,2017-04-21 23:34:01,2017-04-21 23:34:01,1
856,837582,,2017-04-26 20:32:00,2017-04-21 23:34:01,2017-04-21 23:34:01,1
857,837584,,2017-04-26 20:39:00,2017-04-21 23:34:01,2017-04-21 23:34:01,1
858,837594,,2017-04-26 22:32:00,2017-04-21 23:34:01,2017-04-21 23:34:01,1
859,837680,,2017-04-26 13:48:00,2017-04-21 23:34:02,2017-04-21 23:34:02,1
860,837682,,2017-04-26 14:06:00,2017-04-21 23:34:02,2017-04-21 23:34:02,1
861,837684,,2017-04-26 17:46:00,2017-04-21 23:34:02,2017-04-21 23:34:02,1
862,837686,,2017-04-26 19:16:00,2017-04-21 23:34:02,2017-04-21 23:34:02,1
863,88621,,2017-04-27 06:29:00,2017-04-21 23:34:10,2017-04-21 23:34:10,1
864,88623,,2017-04-27 07:08:00,2017-04-21 23:34:11,2017-04-21 23:34:11,1
865,88521,,2017-04-27 09:38:00,2017-04-21 23:34:11,2017-04-21 23:34:11,1
866,88523,,2017-04-27 10:38:00,2017-04-21 23:34:11,2017-04-21 23:34:11,1
867,88525,,2017-04-27 11:38:00,2017-04-21 23:34:11,2017-04-21 23:34:11,1
868,88527,,2017-04-27 12:38:00,2017-04-21 23:34:11,2017-04-21 23:34:11,1
869,88531,,2017-04-27 16:38:00,2017-04-21 23:34:11,2017-04-21 23:34:11,1
870,88533,,2017-04-27 17:38:00,2017-04-21 23:34:11,2017-04-21 23:34:11,1
871,88535,,2017-04-27 18:38:00,2017-04-21 23:34:11,2017-04-21 23:34:11,1
872,88627,,2017-04-27 20:38:00,2017-04-21 23:34:11,2017-04-21 23:34:11,1
873,88801,,2017-04-27 06:57:00,2017-04-21 23:34:11,2017-04-21 23:34:11,1
874,88803,,2017-04-27 07:27:00,2017-04-21 23:34:11,2017-04-21 23:34:11,1
875,88805,,2017-04-27 07:57:00,2017-04-21 23:34:12,2017-04-21 23:34:12,1
876,88807,,2017-04-27 08:27:00,2017-04-21 23:34:12,2017-04-21 23:34:12,1
877,88809,,2017-04-27 17:27:00,2017-04-21 23:34:12,2017-04-21 23:34:12,1
878,88811,,2017-04-27 17:57:00,2017-04-21 23:34:12,2017-04-21 23:34:12,1
879,88813,,2017-04-27 18:27:00,2017-04-21 23:34:12,2017-04-21 23:34:12,1
880,88701,,2017-04-27 05:13:00,2017-04-21 23:34:12,2017-04-21 23:34:12,1
881,88703,,2017-04-27 05:43:00,2017-04-21 23:34:12,2017-04-21 23:34:12,1
882,88705,,2017-04-27 06:13:00,2017-04-21 23:34:12,2017-04-21 23:34:12,1
883,88709,,2017-04-27 06:44:00,2017-04-21 23:34:12,2017-04-21 23:34:12,1
884,88713,,2017-04-27 07:38:00,2017-04-21 23:34:12,2017-04-21 23:34:12,1
885,88715,,2017-04-27 07:43:00,2017-04-21 23:34:12,2017-04-21 23:34:12,1
886,88717,,2017-04-27 08:08:00,2017-04-21 23:34:12,2017-04-21 23:34:12,1
887,88719,,2017-04-27 08:13:00,2017-04-21 23:34:12,2017-04-21 23:34:12,1
888,88721,,2017-04-27 08:38:00,2017-04-21 23:34:13,2017-04-21 23:34:13,1
889,88725,,2017-04-27 11:13:00,2017-04-21 23:34:13,2017-04-21 23:34:13,1
890,88727,,2017-04-27 12:08:00,2017-04-21 23:34:13,2017-04-21 23:34:13,1
891,88729,,2017-04-27 12:13:00,2017-04-21 23:34:13,2017-04-21 23:34:13,1
892,88731,,2017-04-27 12:57:00,2017-04-21 23:34:13,2017-04-21 23:34:13,1
893,88733,,2017-04-27 13:13:00,2017-04-21 23:34:13,2017-04-21 23:34:13,1
894,88529,,2017-04-27 13:38:00,2017-04-21 23:34:13,2017-04-21 23:34:13,1
895,88735,,2017-04-27 14:08:00,2017-04-21 23:34:13,2017-04-21 23:34:13,1
896,88737,,2017-04-27 14:13:00,2017-04-21 23:34:13,2017-04-21 23:34:13,1
897,88739,,2017-04-27 14:38:00,2017-04-21 23:34:13,2017-04-21 23:34:13,1
898,88741,,2017-04-27 15:13:00,2017-04-21 23:34:13,2017-04-21 23:34:13,1
899,88743,,2017-04-27 15:38:00,2017-04-21 23:34:13,2017-04-21 23:34:13,1
900,88745,,2017-04-27 16:08:00,2017-04-21 23:34:13,2017-04-21 23:34:13,1
901,88747,,2017-04-27 16:13:00,2017-04-21 23:34:14,2017-04-21 23:34:14,1
902,88749,,2017-04-27 16:43:00,2017-04-21 23:34:14,2017-04-21 23:34:14,1
903,88751,,2017-04-27 16:57:00,2017-04-21 23:34:14,2017-04-21 23:34:14,1
904,88753,,2017-04-27 17:13:00,2017-04-21 23:34:14,2017-04-21 23:34:14,1
905,88755,,2017-04-27 17:43:00,2017-04-21 23:34:14,2017-04-21 23:34:14,1
906,88759,,2017-04-27 18:08:00,2017-04-21 23:34:14,2017-04-21 23:34:14,1
907,88761,,2017-04-27 18:13:00,2017-04-21 23:34:14,2017-04-21 23:34:14,1
908,88763,,2017-04-27 18:43:00,2017-04-21 23:34:14,2017-04-21 23:34:14,1
909,88765,,2017-04-27 19:08:00,2017-04-21 23:34:14,2017-04-21 23:34:14,1
910,88767,,2017-04-27 19:13:00,2017-04-21 23:34:14,2017-04-21 23:34:14,1
911,88769,,2017-04-27 19:38:00,2017-04-21 23:34:14,2017-04-21 23:34:14,1
912,88771,,2017-04-27 20:08:00,2017-04-21 23:34:15,2017-04-21 23:34:15,1
913,88773,,2017-04-27 20:13:00,2017-04-21 23:34:15,2017-04-21 23:34:15,1
914,88777,,2017-04-27 21:13:00,2017-04-21 23:34:15,2017-04-21 23:34:15,1
915,88779,,2017-04-27 21:38:00,2017-04-21 23:34:15,2017-04-21 23:34:15,1
916,88781,,2017-04-27 22:13:00,2017-04-21 23:34:15,2017-04-21 23:34:15,1
917,88783,,2017-04-27 22:38:00,2017-04-21 23:34:15,2017-04-21 23:34:15,1
918,88501,,2017-04-27 06:20:00,2017-04-21 23:34:15,2017-04-21 23:34:15,1
919,88503,,2017-04-27 06:50:00,2017-04-21 23:34:15,2017-04-21 23:34:15,1
920,88505,,2017-04-27 07:20:00,2017-04-21 23:34:15,2017-04-21 23:34:15,1
921,88509,,2017-04-27 11:50:00,2017-04-21 23:34:15,2017-04-21 23:34:15,1
922,88511,,2017-04-27 12:50:00,2017-04-21 23:34:15,2017-04-21 23:34:15,1
923,88513,,2017-04-27 13:50:00,2017-04-21 23:34:15,2017-04-21 23:34:15,1
924,88515,,2017-04-27 14:50:00,2017-04-21 23:34:15,2017-04-21 23:34:15,1
925,88517,,2017-04-27 15:50:00,2017-04-21 23:34:15,2017-04-21 23:34:15,1
926,88577,,2017-04-27 16:50:00,2017-04-21 23:34:16,2017-04-21 23:34:16,1
927,88537,,2017-04-27 17:20:00,2017-04-21 23:34:16,2017-04-21 23:34:16,1
928,88539,,2017-04-27 18:20:00,2017-04-21 23:34:16,2017-04-21 23:34:16,1
929,837501,,2017-04-27 05:28:00,2017-04-21 23:34:16,2017-04-21 23:34:16,1
930,837503,,2017-04-27 05:58:00,2017-04-21 23:34:16,2017-04-21 23:34:16,1
931,837505,,2017-04-27 06:28:00,2017-04-21 23:34:16,2017-04-21 23:34:16,1
932,837511,,2017-04-27 07:28:00,2017-04-21 23:34:16,2017-04-21 23:34:16,1
933,837513,,2017-04-27 07:50:00,2017-04-21 23:34:16,2017-04-21 23:34:16,1
934,837515,,2017-04-27 07:58:00,2017-04-21 23:34:16,2017-04-21 23:34:16,1
935,837519,,2017-04-27 08:20:00,2017-04-21 23:34:16,2017-04-21 23:34:16,1
936,837521,,2017-04-27 08:28:00,2017-04-21 23:34:16,2017-04-21 23:34:16,1
937,837523,,2017-04-27 08:50:00,2017-04-21 23:34:16,2017-04-21 23:34:16,1
938,837525,,2017-04-27 09:20:00,2017-04-21 23:34:16,2017-04-21 23:34:16,1
939,837529,,2017-04-27 09:50:00,2017-04-21 23:34:16,2017-04-21 23:34:16,1
940,837531,,2017-04-27 10:20:00,2017-04-21 23:34:17,2017-04-21 23:34:17,1
941,837533,,2017-04-27 11:20:00,2017-04-21 23:34:17,2017-04-21 23:34:17,1
942,837535,,2017-04-27 11:28:00,2017-04-21 23:34:17,2017-04-21 23:34:17,1
943,837537,,2017-04-27 12:20:00,2017-04-21 23:34:17,2017-04-21 23:34:17,1
944,837539,,2017-04-27 12:28:00,2017-04-21 23:34:17,2017-04-21 23:34:17,1
945,837543,,2017-04-27 13:28:00,2017-04-21 23:34:17,2017-04-21 23:34:17,1
946,837545,,2017-04-27 14:20:00,2017-04-21 23:34:17,2017-04-21 23:34:17,1
947,837547,,2017-04-27 15:20:00,2017-04-21 23:34:17,2017-04-21 23:34:17,1
948,837549,,2017-04-27 15:28:00,2017-04-21 23:34:17,2017-04-21 23:34:17,1
949,837553,,2017-04-27 16:20:00,2017-04-21 23:34:17,2017-04-21 23:34:17,1
950,837555,,2017-04-27 16:28:00,2017-04-21 23:34:17,2017-04-21 23:34:17,1
951,837563,,2017-04-27 17:28:00,2017-04-21 23:34:17,2017-04-21 23:34:17,1
952,837565,,2017-04-27 17:50:00,2017-04-21 23:34:17,2017-04-21 23:34:17,1
953,837567,,2017-04-27 17:58:00,2017-04-21 23:34:18,2017-04-21 23:34:18,1
954,837571,,2017-04-27 18:28:00,2017-04-21 23:34:18,2017-04-21 23:34:18,1
955,837573,,2017-04-27 18:50:00,2017-04-21 23:34:18,2017-04-21 23:34:18,1
956,837575,,2017-04-27 18:58:00,2017-04-21 23:34:18,2017-04-21 23:34:18,1
957,837577,,2017-04-27 19:20:00,2017-04-21 23:34:18,2017-04-21 23:34:18,1
958,837579,,2017-04-27 19:28:00,2017-04-21 23:34:18,2017-04-21 23:34:18,1
959,837583,,2017-04-27 20:20:00,2017-04-21 23:34:18,2017-04-21 23:34:18,1
960,837585,,2017-04-27 20:28:00,2017-04-21 23:34:18,2017-04-21 23:34:18,1
961,837587,,2017-04-27 20:50:00,2017-04-21 23:34:18,2017-04-21 23:34:18,1
962,837591,,2017-04-27 21:50:00,2017-04-21 23:34:18,2017-04-21 23:34:18,1
963,837593,,2017-04-27 22:50:00,2017-04-21 23:34:18,2017-04-21 23:34:18,1
964,88802,,2017-04-27 07:03:00,2017-04-21 23:34:18,2017-04-21 23:34:18,1
965,88804,,2017-04-27 07:33:00,2017-04-21 23:34:18,2017-04-21 23:34:18,1
966,88806,,2017-04-27 08:03:00,2017-04-21 23:34:18,2017-04-21 23:34:18,1
967,88808,,2017-04-27 15:31:00,2017-04-21 23:34:18,2017-04-21 23:34:18,1
968,88810,,2017-04-27 16:01:00,2017-04-21 23:34:19,2017-04-21 23:34:19,1
969,88812,,2017-04-27 17:31:00,2017-04-21 23:34:19,2017-04-21 23:34:19,1
970,88814,,2017-04-27 18:01:00,2017-04-21 23:34:19,2017-04-21 23:34:19,1
971,837693,,2017-04-27 06:04:00,2017-04-21 23:34:19,2017-04-21 23:34:19,1
972,837695,,2017-04-27 06:24:00,2017-04-21 23:34:19,2017-04-21 23:34:19,1
973,837699,,2017-04-27 09:24:00,2017-04-21 23:34:19,2017-04-21 23:34:19,1
974,837683,,2017-04-27 07:45:00,2017-04-21 23:34:19,2017-04-21 23:34:19,1
975,88770,,2017-04-27 05:07:00,2017-04-21 23:34:19,2017-04-21 23:34:19,1
976,88702,,2017-04-27 05:33:00,2017-04-21 23:34:19,2017-04-21 23:34:19,1
977,88704,,2017-04-27 05:46:00,2017-04-21 23:34:19,2017-04-21 23:34:19,1
978,88706,,2017-04-27 06:03:00,2017-04-21 23:34:19,2017-04-21 23:34:19,1
979,88708,,2017-04-27 06:07:00,2017-04-21 23:34:19,2017-04-21 23:34:19,1
980,88710,,2017-04-27 06:33:00,2017-04-21 23:34:19,2017-04-21 23:34:19,1
981,88712,,2017-04-27 06:46:00,2017-04-21 23:34:20,2017-04-21 23:34:20,1
982,88714,,2017-04-27 07:16:00,2017-04-21 23:34:20,2017-04-21 23:34:20,1
983,88716,,2017-04-27 07:46:00,2017-04-21 23:34:20,2017-04-21 23:34:20,1
984,88718,,2017-04-27 08:16:00,2017-04-21 23:34:20,2017-04-21 23:34:20,1
985,88720,,2017-04-27 08:33:00,2017-04-21 23:34:20,2017-04-21 23:34:20,1
986,88722,,2017-04-27 08:46:00,2017-04-21 23:34:20,2017-04-21 23:34:20,1
987,88724,,2017-04-27 09:03:00,2017-04-21 23:34:20,2017-04-21 23:34:20,1
988,88726,,2017-04-27 09:33:00,2017-04-21 23:34:20,2017-04-21 23:34:20,1
989,88730,,2017-04-27 10:31:00,2017-04-21 23:34:20,2017-04-21 23:34:20,1
990,88506,,2017-04-27 11:33:00,2017-04-21 23:34:20,2017-04-21 23:34:20,1
991,88734,,2017-04-27 11:46:00,2017-04-21 23:34:20,2017-04-21 23:34:20,1
992,88736,,2017-04-27 12:47:00,2017-04-21 23:34:20,2017-04-21 23:34:20,1
993,88738,,2017-04-27 13:03:00,2017-04-21 23:34:20,2017-04-21 23:34:20,1
994,88740,,2017-04-27 14:46:00,2017-04-21 23:34:21,2017-04-21 23:34:21,1
995,88742,,2017-04-27 15:46:00,2017-04-21 23:34:21,2017-04-21 23:34:21,1
996,88744,,2017-04-27 16:03:00,2017-04-21 23:34:21,2017-04-21 23:34:21,1
997,88746,,2017-04-27 16:16:00,2017-04-21 23:34:21,2017-04-21 23:34:21,1
998,88748,,2017-04-27 16:46:00,2017-04-21 23:34:21,2017-04-21 23:34:21,1
999,88750,,2017-04-27 17:03:00,2017-04-21 23:34:21,2017-04-21 23:34:21,1
1000,88756,,2017-04-27 17:16:00,2017-04-21 23:34:21,2017-04-21 23:34:21,1
